
. Module name, SLE, CFG, ARI1, BUFFER, MACC, RAM1K18_RT, RAM64X18_RT, GLOBAL, IO
. PROC_SUBSYSTEM, 12020, 22475, 2219, 0, 4, 28, 6, 9, 184
.	. COREAHBTOAPB3_25s_1s, 101, 77, 0, 0, 0, 0, 0, 0, 0
.	.	. CoreAHBtoAPB3_AhbToApbSM_1s_0_1_0_2_3_4_1, 10, 61, 0, 0, 0, 0, 0, 0, 0
.	.	. CoreAHBtoAPB3_ApbAddrData_1s, 88, 16, 0, 0, 0, 0, 0, 0, 0
.	.	. CoreAHBtoAPB3_PenableScheduler_1s_0_1_2, 3, 0, 0, 0, 0, 0, 0, 0, 0
.	. COREAHBTOAPB3_25s_1s_0, 101, 52, 0, 0, 0, 0, 0, 0, 0
.	.	. CoreAHBtoAPB3_AhbToApbSM_1s_0_1_0_3_4_1_0, 10, 27, 0, 0, 0, 0, 0, 0, 0
.	.	. CoreAHBtoAPB3_ApbAddrData_1s_0, 88, 22, 0, 0, 0, 0, 0, 0, 0
.	.	. CoreAHBtoAPB3_PenableScheduler_1s_0_1_2_0, 3, 3, 0, 0, 0, 0, 0, 0, 0
.	. COREBOOTSTRAP_Z15, 335, 318, 181, 0, 0, 0, 0, 1, 0
.	.	. COREBOOTSTRAP_AHB_WRITER_2147483648_0_1_2_3_4_5_6_7_8, 76, 33, 46, 0, 0, 0, 0, 0, 0
.	.	. COREBOOTSTRAP_BOOT_RESET_32768s_32768s, 33, 13, 32, 0, 0, 0, 0, 1, 0
.	.	. COREBOOTSTRAP_SPI_READER_Z14, 226, 268, 103, 0, 0, 0, 0, 0, 0
.	.	.	. COREBOOTSTRAP_SPI_CTRL_Z13, 226, 268, 103, 0, 0, 0, 0, 0, 0
.	.	. COREBOOTSTRAP_SPI_SEL, 0, 4, 0, 0, 0, 0, 0, 0, 0
.	. COREJTAGDEBUG_85_1s, 16, 100, 0, 0, 0, 0, 0, 3, 0
.	.	. uj_jtag_85, 16, 96, 0, 0, 0, 0, 0, 0, 0
.	. COREJTAGDEBUG_86_1s, 17, 96, 0, 0, 0, 0, 0, 1, 0
.	.	. uj_jtag_86, 17, 95, 0, 0, 0, 0, 0, 0, 0
.	. CORESPI_Z22, 193, 352, 23, 0, 0, 0, 2, 0, 0
.	.	. spi_32s_8s_32s_7s_0_0_1_0s_1s, 193, 352, 23, 0, 0, 0, 2, 0, 0
.	.	.	. spi_chanctrl_Z21, 122, 185, 11, 0, 0, 0, 0, 0, 0
.	.	.	. spi_control_8s, 0, 9, 0, 0, 0, 0, 0, 0, 0
.	.	.	. spi_fifo_8s_32s_5_0, 18, 41, 6, 0, 0, 0, 1, 0, 0
.	.	.	. spi_fifo_8s_32s_5_1, 18, 33, 6, 0, 0, 0, 1, 0, 0
.	.	.	. spi_rf_32s_0, 35, 66, 0, 0, 0, 0, 0, 0, 0
.	. CoreAPB3_Z11, 0, 69, 0, 0, 0, 0, 0, 0, 0
.	.	. COREAPB3_MUXPTOB3_0, 0, 62, 0, 0, 0, 0, 0, 0, 0
.	. CoreAPB3_Z12, 0, 71, 0, 0, 0, 0, 0, 0, 0
.	.	. COREAPB3_MUXPTOB3_1, 0, 65, 0, 0, 0, 0, 0, 0, 0
.	. CoreTimer_32s_1s_25s_1s, 118, 104, 43, 0, 0, 0, 0, 0, 0
.	. CoreTimer_32s_1s_25s_1s_0, 118, 135, 42, 0, 0, 0, 0, 0, 0
.	. CoreTimer_32s_1s_25s_1s_1, 118, 103, 43, 0, 0, 0, 0, 0, 0
.	. CoreTimer_32s_1s_25s_1s_2, 118, 135, 42, 0, 0, 0, 0, 0, 0
.	. DDR_EAST, 100, 361, 25, 0, 0, 0, 0, 0, 71
.	.	. DDR_EAST_COREABC_0_COREABC_Z25, 100, 361, 25, 0, 0, 0, 0, 0, 0
.	.	.	. DDR_EAST_COREABC_0_INSTRUCTIONS_Z26, 34, 219, 0, 0, 0, 0, 0, 0, 0
.	.	. DDR_EAST_FDDRC_0_RTG4FDDRC, 0, 0, 0, 0, 0, 0, 0, 0, 71
.	. DDR_MEMORY_CTRL, 100, 362, 25, 0, 0, 0, 0, 0, 71
.	.	. DDR_MEMORY_CTRL_COREABC_0_COREABC_Z28, 100, 362, 25, 0, 0, 0, 0, 0, 0
.	.	.	. DDR_MEMORY_CTRL_COREABC_0_INSTRUCTIONS_Z29, 34, 220, 0, 0, 0, 0, 0, 0, 0
.	.	. DDR_MEMORY_CTRL_FDDRC_0_RTG4FDDRC, 0, 0, 0, 0, 0, 0, 0, 0, 71
.	. MIRSLV2MIRMSTRBRIDGE_AHB_0s_8s_1_2, 1, 35, 0, 0, 0, 0, 0, 0, 0
.	. PROC_SUBSYSTEM_Application_RISCV_MIV_RV32IMA_L1_AHB_32768_0_0s_0s, 4958, 9470, 917, 0, 2, 14, 2, 0, 0
.	.	. PROC_SUBSYSTEM_Application_RISCV_MIV_RV32IMA_L1_AHB_ROCKET_SYSTEM_0s, 4958, 9470, 917, 0, 2, 14, 2, 0, 0
.	.	.	. PROC_SUBSYSTEM_Application_RISCV_MIV_RV32IMA_L1_AHB_COREPLEX_LOCAL_INTERRUPTER_CLINT, 129, 230, 192, 0, 0, 0, 0, 0, 0
.	.	.	. PROC_SUBSYSTEM_Application_RISCV_MIV_RV32IMA_L1_AHB_DEBUG_TRANSPORT_MODULE_JTAG, 168, 162, 0, 0, 0, 0, 0, 0, 0
.	.	.	.	. PROC_SUBSYSTEM_Application_RISCV_MIV_RV32IMA_L1_AHB_CAPTURE_CHAIN, 32, 13, 0, 0, 0, 0, 0, 0, 0
.	.	.	.	. PROC_SUBSYSTEM_Application_RISCV_MIV_RV32IMA_L1_AHB_CAPTURE_UPDATE_CHAIN, 32, 5, 0, 0, 0, 0, 0, 0, 0
.	.	.	.	. PROC_SUBSYSTEM_Application_RISCV_MIV_RV32IMA_L1_AHB_CAPTURE_UPDATE_CHAIN_1, 41, 80, 0, 0, 0, 0, 0, 0, 0
.	.	.	.	. PROC_SUBSYSTEM_Application_RISCV_MIV_RV32IMA_L1_AHB_JTAG_BYPASS_CHAIN, 1, 1, 0, 0, 0, 0, 0, 0, 0
.	.	.	.	. PROC_SUBSYSTEM_Application_RISCV_MIV_RV32IMA_L1_AHB_JTAG_TAP_CONTROLLER, 15, 35, 0, 0, 0, 0, 0, 0, 0
.	.	.	.	.	. PROC_SUBSYSTEM_Application_RISCV_MIV_RV32IMA_L1_AHB_CAPTURE_UPDATE_CHAIN_2, 5, 5, 0, 0, 0, 0, 0, 0, 0
.	.	.	.	.	. PROC_SUBSYSTEM_Application_RISCV_MIV_RV32IMA_L1_AHB_JTAG_STATE_MACHINE, 4, 16, 0, 0, 0, 0, 0, 0, 0
.	.	.	.	.	.	. PROC_SUBSYSTEM_Application_RISCV_MIV_RV32IMA_L1_AHB_ASYNC_RESET_REG_VEC_W4_I15, 4, 13, 0, 0, 0, 0, 0, 0, 0
.	.	.	.	.	.	.	. PROC_SUBSYSTEM_Application_RISCV_MIV_RV32IMA_L1_AHB_ASYNC_RESET_REG_2_68, 1, 2, 0, 0, 0, 0, 0, 0, 0
.	.	.	.	.	.	.	. PROC_SUBSYSTEM_Application_RISCV_MIV_RV32IMA_L1_AHB_ASYNC_RESET_REG_2_69, 1, 4, 0, 0, 0, 0, 0, 0, 0
.	.	.	.	.	.	.	. PROC_SUBSYSTEM_Application_RISCV_MIV_RV32IMA_L1_AHB_ASYNC_RESET_REG_2_70, 1, 2, 0, 0, 0, 0, 0, 0, 0
.	.	.	.	.	.	.	. PROC_SUBSYSTEM_Application_RISCV_MIV_RV32IMA_L1_AHB_ASYNC_RESET_REG_2_71, 1, 5, 0, 0, 0, 0, 0, 0, 0
.	.	.	.	.	. PROC_SUBSYSTEM_Application_RISCV_MIV_RV32IMA_L1_AHB_NEGATIVE_EDGE_LATCH_1, 1, 0, 0, 0, 0, 0, 0, 0, 0
.	.	.	.	.	. PROC_SUBSYSTEM_Application_RISCV_MIV_RV32IMA_L1_AHB_NEGATIVE_EDGE_LATCH_2, 5, 0, 0, 0, 0, 0, 0, 0, 0
.	.	.	. PROC_SUBSYSTEM_Application_RISCV_MIV_RV32IMA_L1_AHB_INT_SYNC_CROSSING_SOURCE_2, 3, 0, 0, 0, 0, 0, 0, 0, 0
.	.	.	.	. PROC_SUBSYSTEM_Application_RISCV_MIV_RV32IMA_L1_AHB_ASYNC_RESET_REG_VEC_W1_I0_0_37, 1, 0, 0, 0, 0, 0, 0, 0, 0
.	.	.	.	.	. PROC_SUBSYSTEM_Application_RISCV_MIV_RV32IMA_L1_AHB_ASYNC_RESET_REG_42, 1, 0, 0, 0, 0, 0, 0, 0, 0
.	.	.	.	. PROC_SUBSYSTEM_Application_RISCV_MIV_RV32IMA_L1_AHB_ASYNC_RESET_REG_VEC_W2_I0, 2, 0, 0, 0, 0, 0, 0, 0, 0
.	.	.	.	.	. PROC_SUBSYSTEM_Application_RISCV_MIV_RV32IMA_L1_AHB_ASYNC_RESET_REG_40, 1, 0, 0, 0, 0, 0, 0, 0, 0
.	.	.	.	.	. PROC_SUBSYSTEM_Application_RISCV_MIV_RV32IMA_L1_AHB_ASYNC_RESET_REG_41, 1, 0, 0, 0, 0, 0, 0, 0, 0
.	.	.	. PROC_SUBSYSTEM_Application_RISCV_MIV_RV32IMA_L1_AHB_INT_XING, 6, 0, 0, 0, 0, 0, 0, 0, 0
.	.	.	.	. PROC_SUBSYSTEM_Application_RISCV_MIV_RV32IMA_L1_AHB_SYNCHRONIZER_SHIFT_REG_W31_D3, 6, 0, 0, 0, 0, 0, 0, 0, 0
.	.	.	. PROC_SUBSYSTEM_Application_RISCV_MIV_RV32IMA_L1_AHB_PERIPHERY_BUS_PBUS, 469, 984, 32, 0, 0, 0, 0, 0, 0
.	.	.	.	. PROC_SUBSYSTEM_Application_RISCV_MIV_RV32IMA_L1_AHB_TLATOMIC_AUTOMATA_PERIPHERY_BUS_SLAVE_TLFRAGMENTER, 123, 431, 32, 0, 0, 0, 0, 0, 0
.	.	.	.	. PROC_SUBSYSTEM_Application_RISCV_MIV_RV32IMA_L1_AHB_TLBUFFER_PERIPHERY_BUS_SLAVE_TLFRAGMENTER, 226, 125, 0, 0, 0, 0, 0, 0, 0
.	.	.	.	.	. PROC_SUBSYSTEM_Application_RISCV_MIV_RV32IMA_L1_AHB_QUEUE_1_1_0, 81, 46, 0, 0, 0, 0, 0, 0, 0
.	.	.	.	.	. PROC_SUBSYSTEM_Application_RISCV_MIV_RV32IMA_L1_AHB_QUEUE_2, 145, 79, 0, 0, 0, 0, 0, 0, 0
.	.	.	.	. PROC_SUBSYSTEM_Application_RISCV_MIV_RV32IMA_L1_AHB_TLFRAGMENTER_PERIPHERY_BUS_SLAVE_TLFRAGMENTER, 111, 247, 0, 0, 0, 0, 0, 0, 0
.	.	.	.	.	. PROC_SUBSYSTEM_Application_RISCV_MIV_RV32IMA_L1_AHB_REPEATER_0, 24, 21, 0, 0, 0, 0, 0, 0, 0
.	.	.	.	.	. PROC_SUBSYSTEM_Application_RISCV_MIV_RV32IMA_L1_AHB_REPEATER_1, 34, 38, 0, 0, 0, 0, 0, 0, 0
.	.	.	.	.	. PROC_SUBSYSTEM_Application_RISCV_MIV_RV32IMA_L1_AHB_REPEATER_2, 20, 18, 0, 0, 0, 0, 0, 0, 0
.	.	.	.	. PROC_SUBSYSTEM_Application_RISCV_MIV_RV32IMA_L1_AHB_TLXBAR_PERIPHERY_BUS, 9, 181, 0, 0, 0, 0, 0, 0, 0
.	.	.	. PROC_SUBSYSTEM_Application_RISCV_MIV_RV32IMA_L1_AHB_RESET_CATCH_AND_SYNC_D3_1, 3, 2, 0, 0, 0, 0, 0, 0, 0
.	.	.	.	. PROC_SUBSYSTEM_Application_RISCV_MIV_RV32IMA_L1_AHB_ASYNC_RESET_SYNCHRONIZER_SHIFT_REG_W1_D3_I0_8_5, 3, 2, 0, 0, 0, 0, 0, 0, 0
.	.	.	.	.	. PROC_SUBSYSTEM_Application_RISCV_MIV_RV32IMA_L1_AHB_ASYNC_RESET_REG_VEC_W1_I0_1_2, 1, 0, 0, 0, 0, 0, 0, 0, 0
.	.	.	.	.	.	. PROC_SUBSYSTEM_Application_RISCV_MIV_RV32IMA_L1_AHB_ASYNC_RESET_REG_1_2, 1, 0, 0, 0, 0, 0, 0, 0, 0
.	.	.	.	.	. PROC_SUBSYSTEM_Application_RISCV_MIV_RV32IMA_L1_AHB_ASYNC_RESET_REG_VEC_W1_I0_2_36, 1, 1, 0, 0, 0, 0, 0, 0, 0
.	.	.	.	.	.	. PROC_SUBSYSTEM_Application_RISCV_MIV_RV32IMA_L1_AHB_ASYNC_RESET_REG_2_72, 1, 1, 0, 0, 0, 0, 0, 0, 0
.	.	.	.	.	. PROC_SUBSYSTEM_Application_RISCV_MIV_RV32IMA_L1_AHB_ASYNC_RESET_REG_VEC_W1_I0_2_37, 1, 1, 0, 0, 0, 0, 0, 0, 0
.	.	.	.	.	.	. PROC_SUBSYSTEM_Application_RISCV_MIV_RV32IMA_L1_AHB_ASYNC_RESET_REG_2_73, 1, 1, 0, 0, 0, 0, 0, 0, 0
.	.	.	. PROC_SUBSYSTEM_Application_RISCV_MIV_RV32IMA_L1_AHB_ROCKET_TILE_0s, 2234, 4715, 567, 0, 2, 14, 2, 0, 0
.	.	.	.	. PROC_SUBSYSTEM_Application_RISCV_MIV_RV32IMA_L1_AHB_DCACHE_DCACHE_0s, 392, 820, 125, 0, 0, 9, 0, 0, 0
.	.	.	.	.	. PROC_SUBSYSTEM_Application_RISCV_MIV_RV32IMA_L1_AHB_AMOALU, 0, 180, 68, 0, 0, 0, 0, 0, 0
.	.	.	.	.	. PROC_SUBSYSTEM_Application_RISCV_MIV_RV32IMA_L1_AHB_ARBITER, 0, 373, 2, 0, 0, 0, 0, 0, 0
.	.	.	.	.	. PROC_SUBSYSTEM_Application_RISCV_MIV_RV32IMA_L1_AHB_ARBITER_1, 0, 125, 0, 0, 0, 0, 0, 0, 0
.	.	.	.	.	. PROC_SUBSYSTEM_Application_RISCV_MIV_RV32IMA_L1_AHB_DCACHE_DATA_ARRAY_0s, 14, 31, 0, 0, 0, 8, 0, 0, 0
.	.	.	.	.	.	. PROC_SUBSYSTEM_Application_RISCV_MIV_RV32IMA_L1_AHB_DATA_ARRAYS_0_0s, 14, 31, 0, 0, 0, 8, 0, 0, 0
.	.	.	.	.	.	.	. PROC_SUBSYSTEM_Application_RISCV_MIV_RV32IMA_L1_AHB_DATA_ARRAYS_0_EXT_0s, 14, 31, 0, 0, 0, 8, 0, 0, 0
.	.	.	.	.	.	.	.	. PROC_SUBSYSTEM_Application_RISCV_RAM_2048x8_ECC_0s, 0, 0, 0, 0, 0, 2, 0, 0, 0
.	.	.	.	.	.	.	.	. PROC_SUBSYSTEM_Application_RISCV_RAM_2048x8_ECC_0s_0, 2, 1, 0, 0, 0, 2, 0, 0, 0
.	.	.	.	.	.	.	.	. PROC_SUBSYSTEM_Application_RISCV_RAM_2048x8_ECC_0s_1, 0, 0, 0, 0, 0, 2, 0, 0, 0
.	.	.	.	.	.	.	.	. PROC_SUBSYSTEM_Application_RISCV_RAM_2048x8_ECC_0s_2, 0, 0, 0, 0, 0, 2, 0, 0, 0
.	.	.	.	.	. PROC_SUBSYSTEM_Application_RISCV_MIV_RV32IMA_L1_AHB_TAG_ARRAY_0s, 8, 14, 0, 0, 0, 1, 0, 0, 0
.	.	.	.	.	.	. PROC_SUBSYSTEM_Application_RISCV_MIV_RV32IMA_L1_AHB_TAG_ARRAY_EXT_0s, 8, 14, 0, 0, 0, 1, 0, 0, 0
.	.	.	.	.	.	.	. PROC_SUBSYSTEM_Application_RISCV_RAM_128x21_ECC_0s, 0, 0, 0, 0, 0, 1, 0, 0, 0
.	.	.	.	.	. PROC_SUBSYSTEM_Application_RISCV_MIV_RV32IMA_L1_AHB_TLB, 0, 33, 0, 0, 0, 0, 0, 0, 0
.	.	.	.	. PROC_SUBSYSTEM_Application_RISCV_MIV_RV32IMA_L1_AHB_FRONTEND_FRONTEND_0s, 617, 947, 54, 0, 0, 5, 0, 0, 0
.	.	.	.	.	. PROC_SUBSYSTEM_Application_RISCV_MIV_RV32IMA_L1_AHB_ICACHE_ICACHE_0s, 224, 482, 24, 0, 0, 5, 0, 0, 0
.	.	.	.	.	.	. PROC_SUBSYSTEM_Application_RISCV_MIV_RV32IMA_L1_AHB_DATA_ARRAYS_0_0_0s, 14, 33, 0, 0, 0, 4, 0, 0, 0
.	.	.	.	.	.	.	. PROC_SUBSYSTEM_Application_RISCV_MIV_RV32IMA_L1_AHB_DATA_ARRAYS_0_0_EXT_0s, 14, 33, 0, 0, 0, 4, 0, 0, 0
.	.	.	.	.	.	.	.	. PROC_SUBSYSTEM_Application_RISCV_RAM_2048x32_ECC_0s, 2, 1, 0, 0, 0, 4, 0, 0, 0
.	.	.	.	.	.	. PROC_SUBSYSTEM_Application_RISCV_MIV_RV32IMA_L1_AHB_TAG_ARRAY_0_0s, 7, 23, 0, 0, 0, 1, 0, 0, 0
.	.	.	.	.	.	.	. PROC_SUBSYSTEM_Application_RISCV_MIV_RV32IMA_L1_AHB_TAG_ARRAY_0_EXT_0s, 7, 23, 0, 0, 0, 1, 0, 0, 0
.	.	.	.	.	.	.	.	. PROC_SUBSYSTEM_Application_RISCV_RAM_128x20_ECC_0s, 0, 8, 0, 0, 0, 1, 0, 0, 0
.	.	.	.	.	. PROC_SUBSYSTEM_Application_RISCV_MIV_RV32IMA_L1_AHB_SHIFT_QUEUE, 325, 347, 0, 0, 0, 0, 0, 0, 0
.	.	.	.	.	. PROC_SUBSYSTEM_Application_RISCV_MIV_RV32IMA_L1_AHB_TLB_1, 0, 11, 0, 0, 0, 0, 0, 0, 0
.	.	.	.	. PROC_SUBSYSTEM_Application_RISCV_MIV_RV32IMA_L1_AHB_INT_SYNC_CROSSING_SINK, 3, 0, 0, 0, 0, 0, 0, 0, 0
.	.	.	.	.	. PROC_SUBSYSTEM_Application_RISCV_MIV_RV32IMA_L1_AHB_SYNCHRONIZER_SHIFT_REG_W1_D3, 3, 0, 0, 0, 0, 0, 0, 0, 0
.	.	.	.	. PROC_SUBSYSTEM_Application_RISCV_MIV_RV32IMA_L1_AHB_ROCKET, 840, 2613, 378, 0, 2, 0, 2, 0, 0
.	.	.	.	.	. PROC_SUBSYSTEM_Application_RISCV_MIV_RV32IMA_L1_AHB_ALU, 0, 473, 33, 0, 0, 0, 0, 0, 0
.	.	.	.	.	. PROC_SUBSYSTEM_Application_RISCV_MIV_RV32IMA_L1_AHB_BREAKPOINT_UNIT, 0, 49, 192, 0, 0, 0, 0, 0, 0
.	.	.	.	.	. PROC_SUBSYSTEM_Application_RISCV_MIV_RV32IMA_L1_AHB_CSRFILE, 287, 552, 0, 0, 0, 0, 0, 0, 0
.	.	.	.	.	. PROC_SUBSYSTEM_Application_RISCV_MIV_RV32IMA_L1_AHB_IBUF, 0, 1, 0, 0, 0, 0, 0, 0, 0
.	.	.	.	.	. PROC_SUBSYSTEM_Application_RISCV_MIV_RV32IMA_L1_AHB_MUL_DIV, 120, 275, 121, 0, 2, 0, 0, 0, 0
.	.	.	.	. PROC_SUBSYSTEM_Application_RISCV_MIV_RV32IMA_L1_AHB_TLBUFFER_SYSTEM_BUS, 369, 194, 0, 0, 0, 0, 0, 0, 0
.	.	.	.	.	. PROC_SUBSYSTEM_Application_RISCV_MIV_RV32IMA_L1_AHB_QUEUE_11, 161, 79, 0, 0, 0, 0, 0, 0, 0
.	.	.	.	.	. PROC_SUBSYSTEM_Application_RISCV_MIV_RV32IMA_L1_AHB_QUEUE_14, 123, 66, 0, 0, 0, 0, 0, 0, 0
.	.	.	.	.	. PROC_SUBSYSTEM_Application_RISCV_MIV_RV32IMA_L1_AHB_QUEUE_6_2, 85, 49, 0, 0, 0, 0, 0, 0, 0
.	.	.	.	. PROC_SUBSYSTEM_Application_RISCV_MIV_RV32IMA_L1_AHB_TLXBAR_TL_MASTER_XBAR, 13, 141, 10, 0, 0, 0, 0, 0, 0
.	.	.	. PROC_SUBSYSTEM_Application_RISCV_MIV_RV32IMA_L1_AHB_SYSTEM_BUS_SBUS, 570, 799, 51, 0, 0, 0, 0, 0, 0
.	.	.	.	. PROC_SUBSYSTEM_Application_RISCV_MIV_RV32IMA_L1_AHB_SIMPLE_LAZY_MODULE_SYSTEM_BUS_FROM_TILE, 67, 333, 41, 0, 0, 0, 0, 0, 0
.	.	.	.	.	. PROC_SUBSYSTEM_Application_RISCV_MIV_RV32IMA_L1_AHB_TLCACHE_CORK_SYSTEM_BUS, 43, 275, 21, 0, 0, 0, 0, 0, 0
.	.	.	.	.	.	. PROC_SUBSYSTEM_Application_RISCV_MIV_RV32IMA_L1_AHB_QUEUE_6_0, 13, 14, 0, 0, 0, 0, 0, 0, 0
.	.	.	.	.	.	. PROC_SUBSYSTEM_Application_RISCV_MIV_RV32IMA_L1_AHB_QUEUE_6_1, 5, 13, 0, 0, 0, 0, 0, 0, 0
.	.	.	.	.	. PROC_SUBSYSTEM_Application_RISCV_MIV_RV32IMA_L1_AHB_TLFIFOFIXER_SYSTEM_BUS, 24, 58, 20, 0, 0, 0, 0, 0, 0
.	.	.	.	. PROC_SUBSYSTEM_Application_RISCV_MIV_RV32IMA_L1_AHB_TLBUFFER_SYSTEM_BUS_SLAVE_TLBUFFER, 474, 199, 0, 0, 0, 0, 0, 0, 0
.	.	.	.	.	. PROC_SUBSYSTEM_Application_RISCV_MIV_RV32IMA_L1_AHB_QUEUE_0, 111, 60, 0, 0, 0, 0, 0, 0, 0
.	.	.	.	.	. PROC_SUBSYSTEM_Application_RISCV_MIV_RV32IMA_L1_AHB_QUEUE_1, 155, 85, 0, 0, 0, 0, 0, 0, 0
.	.	.	.	.	. PROC_SUBSYSTEM_Application_RISCV_MIV_RV32IMA_L1_AHB_QUEUE_1_0, 83, 12, 0, 0, 0, 0, 0, 0, 0
.	.	.	.	.	. PROC_SUBSYSTEM_Application_RISCV_MIV_RV32IMA_L1_AHB_QUEUE_1_1, 81, 12, 0, 0, 0, 0, 0, 0, 0
.	.	.	.	.	. PROC_SUBSYSTEM_Application_RISCV_MIV_RV32IMA_L1_AHB_QUEUE_4, 21, 17, 0, 0, 0, 0, 0, 0, 0
.	.	.	.	.	. PROC_SUBSYSTEM_Application_RISCV_MIV_RV32IMA_L1_AHB_QUEUE_5, 23, 13, 0, 0, 0, 0, 0, 0, 0
.	.	.	.	. PROC_SUBSYSTEM_Application_RISCV_MIV_RV32IMA_L1_AHB_TLFIFOFIXER_SYSTEM_BUS_PBUS_TLFIFOFIXER, 12, 45, 0, 0, 0, 0, 0, 0, 0
.	.	.	.	. PROC_SUBSYSTEM_Application_RISCV_MIV_RV32IMA_L1_AHB_TLXBAR_SYSTEM_BUS, 17, 222, 10, 0, 0, 0, 0, 0, 0
.	.	.	. PROC_SUBSYSTEM_Application_RISCV_MIV_RV32IMA_L1_AHB_TLDEBUG_MODULE_DEBUG, 799, 1806, 18, 0, 0, 0, 0, 0, 0
.	.	.	.	. PROC_SUBSYSTEM_Application_RISCV_MIV_RV32IMA_L1_AHB_TLDEBUG_MODULE_INNER_ASYNC_DM_INNER, 674, 1718, 18, 0, 0, 0, 0, 0, 0
.	.	.	.	.	. PROC_SUBSYSTEM_Application_RISCV_MIV_RV32IMA_L1_AHB_ASYNC_QUEUE_SINK_2, 25, 9, 0, 0, 0, 0, 0, 0, 0
.	.	.	.	.	.	. PROC_SUBSYSTEM_Application_RISCV_MIV_RV32IMA_L1_AHB_ASYNC_RESET_REG_VEC_W1_I0_0_23, 1, 0, 0, 0, 0, 0, 0, 0, 0
.	.	.	.	.	.	.	. PROC_SUBSYSTEM_Application_RISCV_MIV_RV32IMA_L1_AHB_ASYNC_RESET_REG_26, 1, 0, 0, 0, 0, 0, 0, 0, 0
.	.	.	.	.	.	. PROC_SUBSYSTEM_Application_RISCV_MIV_RV32IMA_L1_AHB_ASYNC_RESET_REG_VEC_W1_I0_0_27, 1, 0, 0, 0, 0, 0, 0, 0, 0
.	.	.	.	.	.	.	. PROC_SUBSYSTEM_Application_RISCV_MIV_RV32IMA_L1_AHB_ASYNC_RESET_REG_30, 1, 0, 0, 0, 0, 0, 0, 0, 0
.	.	.	.	.	.	. PROC_SUBSYSTEM_Application_RISCV_MIV_RV32IMA_L1_AHB_ASYNC_RESET_SYNCHRONIZER_SHIFT_REG_W1_D3_I0_4, 3, 0, 0, 0, 0, 0, 0, 0, 0
.	.	.	.	.	.	.	. PROC_SUBSYSTEM_Application_RISCV_MIV_RV32IMA_L1_AHB_ASYNC_RESET_REG_VEC_W1_I0_0_24, 1, 0, 0, 0, 0, 0, 0, 0, 0
.	.	.	.	.	.	.	.	. PROC_SUBSYSTEM_Application_RISCV_MIV_RV32IMA_L1_AHB_ASYNC_RESET_REG_27, 1, 0, 0, 0, 0, 0, 0, 0, 0
.	.	.	.	.	.	.	. PROC_SUBSYSTEM_Application_RISCV_MIV_RV32IMA_L1_AHB_ASYNC_RESET_REG_VEC_W1_I0_0_25, 1, 0, 0, 0, 0, 0, 0, 0, 0
.	.	.	.	.	.	.	.	. PROC_SUBSYSTEM_Application_RISCV_MIV_RV32IMA_L1_AHB_ASYNC_RESET_REG_28, 1, 0, 0, 0, 0, 0, 0, 0, 0
.	.	.	.	.	.	.	. PROC_SUBSYSTEM_Application_RISCV_MIV_RV32IMA_L1_AHB_ASYNC_RESET_REG_VEC_W1_I0_0_26, 1, 0, 0, 0, 0, 0, 0, 0, 0
.	.	.	.	.	.	.	.	. PROC_SUBSYSTEM_Application_RISCV_MIV_RV32IMA_L1_AHB_ASYNC_RESET_REG_29, 1, 0, 0, 0, 0, 0, 0, 0, 0
.	.	.	.	.	.	. PROC_SUBSYSTEM_Application_RISCV_MIV_RV32IMA_L1_AHB_ASYNC_VALID_SYNC_3_1, 4, 4, 0, 0, 0, 0, 0, 0, 0
.	.	.	.	.	.	.	. PROC_SUBSYSTEM_Application_RISCV_MIV_RV32IMA_L1_AHB_ASYNC_RESET_SYNCHRONIZER_SHIFT_REG_W1_D4_I0_2, 4, 4, 0, 0, 0, 0, 0, 0, 0
.	.	.	.	.	.	.	.	. PROC_SUBSYSTEM_Application_RISCV_MIV_RV32IMA_L1_AHB_ASYNC_RESET_REG_VEC_W1_I0_0_28, 1, 2, 0, 0, 0, 0, 0, 0, 0
.	.	.	.	.	.	.	.	.	. PROC_SUBSYSTEM_Application_RISCV_MIV_RV32IMA_L1_AHB_ASYNC_RESET_REG_31, 1, 2, 0, 0, 0, 0, 0, 0, 0
.	.	.	.	.	.	.	.	. PROC_SUBSYSTEM_Application_RISCV_MIV_RV32IMA_L1_AHB_ASYNC_RESET_REG_VEC_W1_I0_0_29, 1, 1, 0, 0, 0, 0, 0, 0, 0
.	.	.	.	.	.	.	.	.	. PROC_SUBSYSTEM_Application_RISCV_MIV_RV32IMA_L1_AHB_ASYNC_RESET_REG_32, 1, 1, 0, 0, 0, 0, 0, 0, 0
.	.	.	.	.	.	.	.	. PROC_SUBSYSTEM_Application_RISCV_MIV_RV32IMA_L1_AHB_ASYNC_RESET_REG_VEC_W1_I0_0_30, 1, 1, 0, 0, 0, 0, 0, 0, 0
.	.	.	.	.	.	.	.	.	. PROC_SUBSYSTEM_Application_RISCV_MIV_RV32IMA_L1_AHB_ASYNC_RESET_REG_33, 1, 1, 0, 0, 0, 0, 0, 0, 0
.	.	.	.	.	.	.	.	. PROC_SUBSYSTEM_Application_RISCV_MIV_RV32IMA_L1_AHB_ASYNC_RESET_REG_VEC_W1_I0_4, 1, 0, 0, 0, 0, 0, 0, 0, 0
.	.	.	.	.	.	.	.	.	. PROC_SUBSYSTEM_Application_RISCV_MIV_RV32IMA_L1_AHB_ASYNC_RESET_REG_0_1, 1, 0, 0, 0, 0, 0, 0, 0, 0
.	.	.	.	.	.	. PROC_SUBSYSTEM_Application_RISCV_MIV_RV32IMA_L1_AHB_ASYNC_VALID_SYNC_4_1, 1, 1, 0, 0, 0, 0, 0, 0, 0
.	.	.	.	.	.	.	. PROC_SUBSYSTEM_Application_RISCV_MIV_RV32IMA_L1_AHB_ASYNC_RESET_SYNCHRONIZER_SHIFT_REG_W1_D1_I0_2, 1, 1, 0, 0, 0, 0, 0, 0, 0
.	.	.	.	.	.	.	.	. PROC_SUBSYSTEM_Application_RISCV_MIV_RV32IMA_L1_AHB_ASYNC_RESET_REG_VEC_W1_I0_0_31, 1, 1, 0, 0, 0, 0, 0, 0, 0
.	.	.	.	.	.	.	.	.	. PROC_SUBSYSTEM_Application_RISCV_MIV_RV32IMA_L1_AHB_ASYNC_RESET_REG_34, 1, 1, 0, 0, 0, 0, 0, 0, 0
.	.	.	.	.	.	. PROC_SUBSYSTEM_Application_RISCV_MIV_RV32IMA_L1_AHB_ASYNC_VALID_SYNC_5_1, 3, 0, 0, 0, 0, 0, 0, 0, 0
.	.	.	.	.	.	.	. PROC_SUBSYSTEM_Application_RISCV_MIV_RV32IMA_L1_AHB_ASYNC_RESET_SYNCHRONIZER_SHIFT_REG_W1_D3_I0_5, 3, 0, 0, 0, 0, 0, 0, 0, 0
.	.	.	.	.	.	.	.	. PROC_SUBSYSTEM_Application_RISCV_MIV_RV32IMA_L1_AHB_ASYNC_RESET_REG_VEC_W1_I0_0_32, 1, 0, 0, 0, 0, 0, 0, 0, 0
.	.	.	.	.	.	.	.	.	. PROC_SUBSYSTEM_Application_RISCV_MIV_RV32IMA_L1_AHB_ASYNC_RESET_REG_35, 1, 0, 0, 0, 0, 0, 0, 0, 0
.	.	.	.	.	.	.	.	. PROC_SUBSYSTEM_Application_RISCV_MIV_RV32IMA_L1_AHB_ASYNC_RESET_REG_VEC_W1_I0_0_33, 1, 0, 0, 0, 0, 0, 0, 0, 0
.	.	.	.	.	.	.	.	.	. PROC_SUBSYSTEM_Application_RISCV_MIV_RV32IMA_L1_AHB_ASYNC_RESET_REG_36, 1, 0, 0, 0, 0, 0, 0, 0, 0
.	.	.	.	.	.	.	.	. PROC_SUBSYSTEM_Application_RISCV_MIV_RV32IMA_L1_AHB_ASYNC_RESET_REG_VEC_W1_I0_0_34, 1, 0, 0, 0, 0, 0, 0, 0, 0
.	.	.	.	.	.	.	.	.	. PROC_SUBSYSTEM_Application_RISCV_MIV_RV32IMA_L1_AHB_ASYNC_RESET_REG_37, 1, 0, 0, 0, 0, 0, 0, 0, 0
.	.	.	.	.	.	. PROC_SUBSYSTEM_Application_RISCV_MIV_RV32IMA_L1_AHB_SYNCHRONIZER_SHIFT_REG_W12_D1, 12, 0, 0, 0, 0, 0, 0, 0, 0
.	.	.	.	.	. PROC_SUBSYSTEM_Application_RISCV_MIV_RV32IMA_L1_AHB_RESET_CATCH_AND_SYNC_D3_0, 3, 3, 0, 0, 0, 0, 0, 0, 0
.	.	.	.	.	.	. PROC_SUBSYSTEM_Application_RISCV_MIV_RV32IMA_L1_AHB_ASYNC_RESET_SYNCHRONIZER_SHIFT_REG_W1_D3_I0_8_4, 3, 3, 0, 0, 0, 0, 0, 0, 0
.	.	.	.	.	.	.	. PROC_SUBSYSTEM_Application_RISCV_MIV_RV32IMA_L1_AHB_ASYNC_RESET_REG_VEC_W1_I0_0_35, 1, 2, 0, 0, 0, 0, 0, 0, 0
.	.	.	.	.	.	.	.	. PROC_SUBSYSTEM_Application_RISCV_MIV_RV32IMA_L1_AHB_ASYNC_RESET_REG_38, 1, 2, 0, 0, 0, 0, 0, 0, 0
.	.	.	.	.	.	.	. PROC_SUBSYSTEM_Application_RISCV_MIV_RV32IMA_L1_AHB_ASYNC_RESET_REG_VEC_W1_I0_0_36, 1, 1, 0, 0, 0, 0, 0, 0, 0
.	.	.	.	.	.	.	.	. PROC_SUBSYSTEM_Application_RISCV_MIV_RV32IMA_L1_AHB_ASYNC_RESET_REG_39, 1, 1, 0, 0, 0, 0, 0, 0, 0
.	.	.	.	.	.	.	. PROC_SUBSYSTEM_Application_RISCV_MIV_RV32IMA_L1_AHB_ASYNC_RESET_REG_VEC_W1_I0_5, 1, 0, 0, 0, 0, 0, 0, 0, 0
.	.	.	.	.	.	.	.	. PROC_SUBSYSTEM_Application_RISCV_MIV_RV32IMA_L1_AHB_ASYNC_RESET_REG_0_2, 1, 0, 0, 0, 0, 0, 0, 0, 0
.	.	.	.	.	. PROC_SUBSYSTEM_Application_RISCV_MIV_RV32IMA_L1_AHB_TLASYNC_CROSSING_SINK_DMI_XING, 83, 4, 0, 0, 0, 0, 0, 0, 0
.	.	.	.	.	.	. PROC_SUBSYSTEM_Application_RISCV_MIV_RV32IMA_L1_AHB_ASYNC_QUEUE_SINK_1, 46, 2, 0, 0, 0, 0, 0, 0, 0
.	.	.	.	.	.	.	. PROC_SUBSYSTEM_Application_RISCV_MIV_RV32IMA_L1_AHB_ASYNC_RESET_REG_VEC_W1_I0_0, 1, 0, 0, 0, 0, 0, 0, 0, 0
.	.	.	.	.	.	.	.	. PROC_SUBSYSTEM_Application_RISCV_MIV_RV32IMA_L1_AHB_ASYNC_RESET_REG, 1, 0, 0, 0, 0, 0, 0, 0, 0
.	.	.	.	.	.	.	. PROC_SUBSYSTEM_Application_RISCV_MIV_RV32IMA_L1_AHB_ASYNC_RESET_REG_VEC_W1_I0_0_3, 1, 0, 0, 0, 0, 0, 0, 0, 0
.	.	.	.	.	.	.	.	. PROC_SUBSYSTEM_Application_RISCV_MIV_RV32IMA_L1_AHB_ASYNC_RESET_REG_6, 1, 0, 0, 0, 0, 0, 0, 0, 0
.	.	.	.	.	.	.	. PROC_SUBSYSTEM_Application_RISCV_MIV_RV32IMA_L1_AHB_ASYNC_RESET_SYNCHRONIZER_SHIFT_REG_W1_D3_I0, 3, 0, 0, 0, 0, 0, 0, 0, 0
.	.	.	.	.	.	.	.	. PROC_SUBSYSTEM_Application_RISCV_MIV_RV32IMA_L1_AHB_ASYNC_RESET_REG_VEC_W1_I0_0_0, 1, 0, 0, 0, 0, 0, 0, 0, 0
.	.	.	.	.	.	.	.	.	. PROC_SUBSYSTEM_Application_RISCV_MIV_RV32IMA_L1_AHB_ASYNC_RESET_REG_3, 1, 0, 0, 0, 0, 0, 0, 0, 0
.	.	.	.	.	.	.	.	. PROC_SUBSYSTEM_Application_RISCV_MIV_RV32IMA_L1_AHB_ASYNC_RESET_REG_VEC_W1_I0_0_1, 1, 0, 0, 0, 0, 0, 0, 0, 0
.	.	.	.	.	.	.	.	.	. PROC_SUBSYSTEM_Application_RISCV_MIV_RV32IMA_L1_AHB_ASYNC_RESET_REG_4, 1, 0, 0, 0, 0, 0, 0, 0, 0
.	.	.	.	.	.	.	.	. PROC_SUBSYSTEM_Application_RISCV_MIV_RV32IMA_L1_AHB_ASYNC_RESET_REG_VEC_W1_I0_0_2, 1, 0, 0, 0, 0, 0, 0, 0, 0
.	.	.	.	.	.	.	.	.	. PROC_SUBSYSTEM_Application_RISCV_MIV_RV32IMA_L1_AHB_ASYNC_RESET_REG_5, 1, 0, 0, 0, 0, 0, 0, 0, 0
.	.	.	.	.	.	.	. PROC_SUBSYSTEM_Application_RISCV_MIV_RV32IMA_L1_AHB_SYNCHRONIZER_SHIFT_REG_W54_D1, 41, 0, 0, 0, 0, 0, 0, 0, 0
.	.	.	.	.	.	. PROC_SUBSYSTEM_Application_RISCV_MIV_RV32IMA_L1_AHB_ASYNC_QUEUE_SOURCE_2, 37, 2, 0, 0, 0, 0, 0, 0, 0
.	.	.	.	.	.	.	. PROC_SUBSYSTEM_Application_RISCV_MIV_RV32IMA_L1_AHB_ASYNC_RESET_REG_VEC_W1_I0_0_11, 1, 0, 0, 0, 0, 0, 0, 0, 0
.	.	.	.	.	.	.	.	. PROC_SUBSYSTEM_Application_RISCV_MIV_RV32IMA_L1_AHB_ASYNC_RESET_REG_14, 1, 0, 0, 0, 0, 0, 0, 0, 0
.	.	.	.	.	.	.	. PROC_SUBSYSTEM_Application_RISCV_MIV_RV32IMA_L1_AHB_ASYNC_RESET_REG_VEC_W1_I0_0_15, 1, 0, 0, 0, 0, 0, 0, 0, 0
.	.	.	.	.	.	.	.	. PROC_SUBSYSTEM_Application_RISCV_MIV_RV32IMA_L1_AHB_ASYNC_RESET_REG_18, 1, 0, 0, 0, 0, 0, 0, 0, 0
.	.	.	.	.	.	.	. PROC_SUBSYSTEM_Application_RISCV_MIV_RV32IMA_L1_AHB_ASYNC_RESET_SYNCHRONIZER_SHIFT_REG_W1_D3_I0_2, 3, 0, 0, 0, 0, 0, 0, 0, 0
.	.	.	.	.	.	.	.	. PROC_SUBSYSTEM_Application_RISCV_MIV_RV32IMA_L1_AHB_ASYNC_RESET_REG_VEC_W1_I0_0_12, 1, 0, 0, 0, 0, 0, 0, 0, 0
.	.	.	.	.	.	.	.	.	. PROC_SUBSYSTEM_Application_RISCV_MIV_RV32IMA_L1_AHB_ASYNC_RESET_REG_15, 1, 0, 0, 0, 0, 0, 0, 0, 0
.	.	.	.	.	.	.	.	. PROC_SUBSYSTEM_Application_RISCV_MIV_RV32IMA_L1_AHB_ASYNC_RESET_REG_VEC_W1_I0_0_13, 1, 0, 0, 0, 0, 0, 0, 0, 0
.	.	.	.	.	.	.	.	.	. PROC_SUBSYSTEM_Application_RISCV_MIV_RV32IMA_L1_AHB_ASYNC_RESET_REG_16, 1, 0, 0, 0, 0, 0, 0, 0, 0
.	.	.	.	.	.	.	.	. PROC_SUBSYSTEM_Application_RISCV_MIV_RV32IMA_L1_AHB_ASYNC_RESET_REG_VEC_W1_I0_0_14, 1, 0, 0, 0, 0, 0, 0, 0, 0
.	.	.	.	.	.	.	.	.	. PROC_SUBSYSTEM_Application_RISCV_MIV_RV32IMA_L1_AHB_ASYNC_RESET_REG_17, 1, 0, 0, 0, 0, 0, 0, 0, 0
.	.	.	.	.	. PROC_SUBSYSTEM_Application_RISCV_MIV_RV32IMA_L1_AHB_TLDEBUG_MODULE_INNER_DM_INNER, 563, 1702, 18, 0, 0, 0, 0, 0, 0
.	.	.	.	. PROC_SUBSYSTEM_Application_RISCV_MIV_RV32IMA_L1_AHB_TLDEBUG_MODULE_OUTER_ASYNC_DM_OUTER, 125, 88, 0, 0, 0, 0, 0, 0, 0
.	.	.	.	.	. PROC_SUBSYSTEM_Application_RISCV_MIV_RV32IMA_L1_AHB_ASYNC_QUEUE_SOURCE_1, 19, 7, 0, 0, 0, 0, 0, 0, 0
.	.	.	.	.	.	. PROC_SUBSYSTEM_Application_RISCV_MIV_RV32IMA_L1_AHB_ASYNC_RESET_REG_VEC_W1_I0_2_24, 1, 1, 0, 0, 0, 0, 0, 0, 0
.	.	.	.	.	.	.	. PROC_SUBSYSTEM_Application_RISCV_MIV_RV32IMA_L1_AHB_ASYNC_RESET_REG_2_56, 1, 1, 0, 0, 0, 0, 0, 0, 0
.	.	.	.	.	.	. PROC_SUBSYSTEM_Application_RISCV_MIV_RV32IMA_L1_AHB_ASYNC_RESET_REG_VEC_W1_I0_2_28, 1, 2, 0, 0, 0, 0, 0, 0, 0
.	.	.	.	.	.	.	. PROC_SUBSYSTEM_Application_RISCV_MIV_RV32IMA_L1_AHB_ASYNC_RESET_REG_2_60, 1, 2, 0, 0, 0, 0, 0, 0, 0
.	.	.	.	.	.	. PROC_SUBSYSTEM_Application_RISCV_MIV_RV32IMA_L1_AHB_ASYNC_RESET_SYNCHRONIZER_SHIFT_REG_W1_D3_I0_0_3, 3, 0, 0, 0, 0, 0, 0, 0, 0
.	.	.	.	.	.	.	. PROC_SUBSYSTEM_Application_RISCV_MIV_RV32IMA_L1_AHB_ASYNC_RESET_REG_VEC_W1_I0_2_25, 1, 0, 0, 0, 0, 0, 0, 0, 0
.	.	.	.	.	.	.	.	. PROC_SUBSYSTEM_Application_RISCV_MIV_RV32IMA_L1_AHB_ASYNC_RESET_REG_2_57, 1, 0, 0, 0, 0, 0, 0, 0, 0
.	.	.	.	.	.	.	. PROC_SUBSYSTEM_Application_RISCV_MIV_RV32IMA_L1_AHB_ASYNC_RESET_REG_VEC_W1_I0_2_26, 1, 0, 0, 0, 0, 0, 0, 0, 0
.	.	.	.	.	.	.	.	. PROC_SUBSYSTEM_Application_RISCV_MIV_RV32IMA_L1_AHB_ASYNC_RESET_REG_2_58, 1, 0, 0, 0, 0, 0, 0, 0, 0
.	.	.	.	.	.	.	. PROC_SUBSYSTEM_Application_RISCV_MIV_RV32IMA_L1_AHB_ASYNC_RESET_REG_VEC_W1_I0_2_27, 1, 0, 0, 0, 0, 0, 0, 0, 0
.	.	.	.	.	.	.	.	. PROC_SUBSYSTEM_Application_RISCV_MIV_RV32IMA_L1_AHB_ASYNC_RESET_REG_2_59, 1, 0, 0, 0, 0, 0, 0, 0, 0
.	.	.	.	.	.	. PROC_SUBSYSTEM_Application_RISCV_MIV_RV32IMA_L1_AHB_ASYNC_VALID_SYNC_0, 0, 3, 0, 0, 0, 0, 0, 0, 0
.	.	.	.	.	.	.	. PROC_SUBSYSTEM_Application_RISCV_MIV_RV32IMA_L1_AHB_ASYNC_RESET_SYNCHRONIZER_SHIFT_REG_W1_D4_I0_0_1, 0, 3, 0, 0, 0, 0, 0, 0, 0
.	.	.	.	.	.	.	.	. PROC_SUBSYSTEM_Application_RISCV_MIV_RV32IMA_L1_AHB_ASYNC_RESET_REG_VEC_W1_I0_2_29, 0, 1, 0, 0, 0, 0, 0, 0, 0
.	.	.	.	.	.	.	.	.	. PROC_SUBSYSTEM_Application_RISCV_MIV_RV32IMA_L1_AHB_ASYNC_RESET_REG_2_61, 0, 1, 0, 0, 0, 0, 0, 0, 0
.	.	.	.	.	.	.	.	. PROC_SUBSYSTEM_Application_RISCV_MIV_RV32IMA_L1_AHB_ASYNC_RESET_REG_VEC_W1_I0_2_30, 0, 1, 0, 0, 0, 0, 0, 0, 0
.	.	.	.	.	.	.	.	.	. PROC_SUBSYSTEM_Application_RISCV_MIV_RV32IMA_L1_AHB_ASYNC_RESET_REG_2_62, 0, 1, 0, 0, 0, 0, 0, 0, 0
.	.	.	.	.	.	.	.	. PROC_SUBSYSTEM_Application_RISCV_MIV_RV32IMA_L1_AHB_ASYNC_RESET_REG_VEC_W1_I0_2_31, 0, 1, 0, 0, 0, 0, 0, 0, 0
.	.	.	.	.	.	.	.	.	. PROC_SUBSYSTEM_Application_RISCV_MIV_RV32IMA_L1_AHB_ASYNC_RESET_REG_2_63, 0, 1, 0, 0, 0, 0, 0, 0, 0
.	.	.	.	.	.	. PROC_SUBSYSTEM_Application_RISCV_MIV_RV32IMA_L1_AHB_ASYNC_VALID_SYNC_1_0, 1, 0, 0, 0, 0, 0, 0, 0, 0
.	.	.	.	.	.	.	. PROC_SUBSYSTEM_Application_RISCV_MIV_RV32IMA_L1_AHB_ASYNC_RESET_SYNCHRONIZER_SHIFT_REG_W1_D1_I0_0_1, 1, 0, 0, 0, 0, 0, 0, 0, 0
.	.	.	.	.	.	.	.	. PROC_SUBSYSTEM_Application_RISCV_MIV_RV32IMA_L1_AHB_ASYNC_RESET_REG_VEC_W1_I0_2_32, 1, 0, 0, 0, 0, 0, 0, 0, 0
.	.	.	.	.	.	.	.	.	. PROC_SUBSYSTEM_Application_RISCV_MIV_RV32IMA_L1_AHB_ASYNC_RESET_REG_2_64, 1, 0, 0, 0, 0, 0, 0, 0, 0
.	.	.	.	.	.	. PROC_SUBSYSTEM_Application_RISCV_MIV_RV32IMA_L1_AHB_ASYNC_VALID_SYNC_2_0_0, 1, 0, 0, 0, 0, 0, 0, 0, 0
.	.	.	.	.	.	.	. PROC_SUBSYSTEM_Application_RISCV_MIV_RV32IMA_L1_AHB_ASYNC_RESET_SYNCHRONIZER_SHIFT_REG_W1_D3_I0_0_4, 1, 0, 0, 0, 0, 0, 0, 0, 0
.	.	.	.	.	.	.	.	. PROC_SUBSYSTEM_Application_RISCV_MIV_RV32IMA_L1_AHB_ASYNC_RESET_REG_VEC_W1_I0_2_34, 1, 0, 0, 0, 0, 0, 0, 0, 0
.	.	.	.	.	.	.	.	.	. PROC_SUBSYSTEM_Application_RISCV_MIV_RV32IMA_L1_AHB_ASYNC_RESET_REG_2_66, 1, 0, 0, 0, 0, 0, 0, 0, 0
.	.	.	.	.	. PROC_SUBSYSTEM_Application_RISCV_MIV_RV32IMA_L1_AHB_TLASYNC_CROSSING_SOURCE_DM_INNER, 89, 19, 0, 0, 0, 0, 0, 0, 0
.	.	.	.	.	.	. PROC_SUBSYSTEM_Application_RISCV_MIV_RV32IMA_L1_AHB_ASYNC_QUEUE_SINK, 43, 14, 0, 0, 0, 0, 0, 0, 0
.	.	.	.	.	.	.	. PROC_SUBSYSTEM_Application_RISCV_MIV_RV32IMA_L1_AHB_ASYNC_RESET_REG_VEC_W1_I0_2_12, 1, 0, 0, 0, 0, 0, 0, 0, 0
.	.	.	.	.	.	.	.	. PROC_SUBSYSTEM_Application_RISCV_MIV_RV32IMA_L1_AHB_ASYNC_RESET_REG_2_44, 1, 0, 0, 0, 0, 0, 0, 0, 0
.	.	.	.	.	.	.	. PROC_SUBSYSTEM_Application_RISCV_MIV_RV32IMA_L1_AHB_ASYNC_RESET_REG_VEC_W1_I0_2_16, 1, 0, 0, 0, 0, 0, 0, 0, 0
.	.	.	.	.	.	.	.	. PROC_SUBSYSTEM_Application_RISCV_MIV_RV32IMA_L1_AHB_ASYNC_RESET_REG_2_48, 1, 0, 0, 0, 0, 0, 0, 0, 0
.	.	.	.	.	.	.	. PROC_SUBSYSTEM_Application_RISCV_MIV_RV32IMA_L1_AHB_ASYNC_RESET_SYNCHRONIZER_SHIFT_REG_W1_D3_I0_0_1, 3, 0, 0, 0, 0, 0, 0, 0, 0
.	.	.	.	.	.	.	.	. PROC_SUBSYSTEM_Application_RISCV_MIV_RV32IMA_L1_AHB_ASYNC_RESET_REG_VEC_W1_I0_2_13, 1, 0, 0, 0, 0, 0, 0, 0, 0
.	.	.	.	.	.	.	.	.	. PROC_SUBSYSTEM_Application_RISCV_MIV_RV32IMA_L1_AHB_ASYNC_RESET_REG_2_45, 1, 0, 0, 0, 0, 0, 0, 0, 0
.	.	.	.	.	.	.	.	. PROC_SUBSYSTEM_Application_RISCV_MIV_RV32IMA_L1_AHB_ASYNC_RESET_REG_VEC_W1_I0_2_14, 1, 0, 0, 0, 0, 0, 0, 0, 0
.	.	.	.	.	.	.	.	.	. PROC_SUBSYSTEM_Application_RISCV_MIV_RV32IMA_L1_AHB_ASYNC_RESET_REG_2_46, 1, 0, 0, 0, 0, 0, 0, 0, 0
.	.	.	.	.	.	.	.	. PROC_SUBSYSTEM_Application_RISCV_MIV_RV32IMA_L1_AHB_ASYNC_RESET_REG_VEC_W1_I0_2_15, 1, 0, 0, 0, 0, 0, 0, 0, 0
.	.	.	.	.	.	.	.	.	. PROC_SUBSYSTEM_Application_RISCV_MIV_RV32IMA_L1_AHB_ASYNC_RESET_REG_2_47, 1, 0, 0, 0, 0, 0, 0, 0, 0
.	.	.	.	.	.	.	. PROC_SUBSYSTEM_Application_RISCV_MIV_RV32IMA_L1_AHB_ASYNC_VALID_SYNC_3_0, 4, 0, 0, 0, 0, 0, 0, 0, 0
.	.	.	.	.	.	.	.	. PROC_SUBSYSTEM_Application_RISCV_MIV_RV32IMA_L1_AHB_ASYNC_RESET_SYNCHRONIZER_SHIFT_REG_W1_D4_I0_0_0, 4, 0, 0, 0, 0, 0, 0, 0, 0
.	.	.	.	.	.	.	.	.	. PROC_SUBSYSTEM_Application_RISCV_MIV_RV32IMA_L1_AHB_ASYNC_RESET_REG_VEC_W1_I0_1_0, 1, 0, 0, 0, 0, 0, 0, 0, 0
.	.	.	.	.	.	.	.	.	.	. PROC_SUBSYSTEM_Application_RISCV_MIV_RV32IMA_L1_AHB_ASYNC_RESET_REG_1_0, 1, 0, 0, 0, 0, 0, 0, 0, 0
.	.	.	.	.	.	.	.	.	. PROC_SUBSYSTEM_Application_RISCV_MIV_RV32IMA_L1_AHB_ASYNC_RESET_REG_VEC_W1_I0_2_17, 1, 0, 0, 0, 0, 0, 0, 0, 0
.	.	.	.	.	.	.	.	.	.	. PROC_SUBSYSTEM_Application_RISCV_MIV_RV32IMA_L1_AHB_ASYNC_RESET_REG_2_49, 1, 0, 0, 0, 0, 0, 0, 0, 0
.	.	.	.	.	.	.	.	.	. PROC_SUBSYSTEM_Application_RISCV_MIV_RV32IMA_L1_AHB_ASYNC_RESET_REG_VEC_W1_I0_2_18, 1, 0, 0, 0, 0, 0, 0, 0, 0
.	.	.	.	.	.	.	.	.	.	. PROC_SUBSYSTEM_Application_RISCV_MIV_RV32IMA_L1_AHB_ASYNC_RESET_REG_2_50, 1, 0, 0, 0, 0, 0, 0, 0, 0
.	.	.	.	.	.	.	.	.	. PROC_SUBSYSTEM_Application_RISCV_MIV_RV32IMA_L1_AHB_ASYNC_RESET_REG_VEC_W1_I0_2_19, 1, 0, 0, 0, 0, 0, 0, 0, 0
.	.	.	.	.	.	.	.	.	.	. PROC_SUBSYSTEM_Application_RISCV_MIV_RV32IMA_L1_AHB_ASYNC_RESET_REG_2_51, 1, 0, 0, 0, 0, 0, 0, 0, 0
.	.	.	.	.	.	.	. PROC_SUBSYSTEM_Application_RISCV_MIV_RV32IMA_L1_AHB_ASYNC_VALID_SYNC_4_0, 0, 1, 0, 0, 0, 0, 0, 0, 0
.	.	.	.	.	.	.	.	. PROC_SUBSYSTEM_Application_RISCV_MIV_RV32IMA_L1_AHB_ASYNC_RESET_SYNCHRONIZER_SHIFT_REG_W1_D1_I0_0_0, 0, 1, 0, 0, 0, 0, 0, 0, 0
.	.	.	.	.	.	.	.	.	. PROC_SUBSYSTEM_Application_RISCV_MIV_RV32IMA_L1_AHB_ASYNC_RESET_REG_VEC_W1_I0_2_20, 0, 1, 0, 0, 0, 0, 0, 0, 0
.	.	.	.	.	.	.	.	.	.	. PROC_SUBSYSTEM_Application_RISCV_MIV_RV32IMA_L1_AHB_ASYNC_RESET_REG_2_52, 0, 1, 0, 0, 0, 0, 0, 0, 0
.	.	.	.	.	.	.	. PROC_SUBSYSTEM_Application_RISCV_MIV_RV32IMA_L1_AHB_ASYNC_VALID_SYNC_5_0, 2, 0, 0, 0, 0, 0, 0, 0, 0
.	.	.	.	.	.	.	.	. PROC_SUBSYSTEM_Application_RISCV_MIV_RV32IMA_L1_AHB_ASYNC_RESET_SYNCHRONIZER_SHIFT_REG_W1_D3_I0_0_2, 2, 0, 0, 0, 0, 0, 0, 0, 0
.	.	.	.	.	.	.	.	.	. PROC_SUBSYSTEM_Application_RISCV_MIV_RV32IMA_L1_AHB_ASYNC_RESET_REG_VEC_W1_I0_2_21, 1, 0, 0, 0, 0, 0, 0, 0, 0
.	.	.	.	.	.	.	.	.	.	. PROC_SUBSYSTEM_Application_RISCV_MIV_RV32IMA_L1_AHB_ASYNC_RESET_REG_2_53, 1, 0, 0, 0, 0, 0, 0, 0, 0
.	.	.	.	.	.	.	.	.	. PROC_SUBSYSTEM_Application_RISCV_MIV_RV32IMA_L1_AHB_ASYNC_RESET_REG_VEC_W1_I0_2_23, 1, 0, 0, 0, 0, 0, 0, 0, 0
.	.	.	.	.	.	.	.	.	.	. PROC_SUBSYSTEM_Application_RISCV_MIV_RV32IMA_L1_AHB_ASYNC_RESET_REG_2_55, 1, 0, 0, 0, 0, 0, 0, 0, 0
.	.	.	.	.	.	.	. PROC_SUBSYSTEM_Application_RISCV_MIV_RV32IMA_L1_AHB_SYNCHRONIZER_SHIFT_REG_W42_D1, 32, 0, 0, 0, 0, 0, 0, 0, 0
.	.	.	.	.	.	. PROC_SUBSYSTEM_Application_RISCV_MIV_RV32IMA_L1_AHB_ASYNC_QUEUE_SOURCE, 46, 5, 0, 0, 0, 0, 0, 0, 0
.	.	.	.	.	.	.	. PROC_SUBSYSTEM_Application_RISCV_MIV_RV32IMA_L1_AHB_ASYNC_RESET_REG_VEC_W1_I0_2_0, 1, 0, 0, 0, 0, 0, 0, 0, 0
.	.	.	.	.	.	.	.	. PROC_SUBSYSTEM_Application_RISCV_MIV_RV32IMA_L1_AHB_ASYNC_RESET_REG_2_32, 1, 0, 0, 0, 0, 0, 0, 0, 0
.	.	.	.	.	.	.	. PROC_SUBSYSTEM_Application_RISCV_MIV_RV32IMA_L1_AHB_ASYNC_RESET_REG_VEC_W1_I0_2_4, 1, 0, 0, 0, 0, 0, 0, 0, 0
.	.	.	.	.	.	.	.	. PROC_SUBSYSTEM_Application_RISCV_MIV_RV32IMA_L1_AHB_ASYNC_RESET_REG_2_36, 1, 0, 0, 0, 0, 0, 0, 0, 0
.	.	.	.	.	.	.	. PROC_SUBSYSTEM_Application_RISCV_MIV_RV32IMA_L1_AHB_ASYNC_RESET_SYNCHRONIZER_SHIFT_REG_W1_D3_I0_0, 3, 0, 0, 0, 0, 0, 0, 0, 0
.	.	.	.	.	.	.	.	. PROC_SUBSYSTEM_Application_RISCV_MIV_RV32IMA_L1_AHB_ASYNC_RESET_REG_VEC_W1_I0_2_1, 1, 0, 0, 0, 0, 0, 0, 0, 0
.	.	.	.	.	.	.	.	.	. PROC_SUBSYSTEM_Application_RISCV_MIV_RV32IMA_L1_AHB_ASYNC_RESET_REG_2_33, 1, 0, 0, 0, 0, 0, 0, 0, 0
.	.	.	.	.	.	.	.	. PROC_SUBSYSTEM_Application_RISCV_MIV_RV32IMA_L1_AHB_ASYNC_RESET_REG_VEC_W1_I0_2_2, 1, 0, 0, 0, 0, 0, 0, 0, 0
.	.	.	.	.	.	.	.	.	. PROC_SUBSYSTEM_Application_RISCV_MIV_RV32IMA_L1_AHB_ASYNC_RESET_REG_2_34, 1, 0, 0, 0, 0, 0, 0, 0, 0
.	.	.	.	.	.	.	.	. PROC_SUBSYSTEM_Application_RISCV_MIV_RV32IMA_L1_AHB_ASYNC_RESET_REG_VEC_W1_I0_2_3, 1, 0, 0, 0, 0, 0, 0, 0, 0
.	.	.	.	.	.	.	.	.	. PROC_SUBSYSTEM_Application_RISCV_MIV_RV32IMA_L1_AHB_ASYNC_RESET_REG_2_35, 1, 0, 0, 0, 0, 0, 0, 0, 0
.	.	.	.	.	. PROC_SUBSYSTEM_Application_RISCV_MIV_RV32IMA_L1_AHB_TLDEBUG_MODULE_OUTER_DM_OUTER, 16, 56, 0, 0, 0, 0, 0, 0, 0
.	.	.	.	.	.	. PROC_SUBSYSTEM_Application_RISCV_MIV_RV32IMA_L1_AHB_ASYNC_RESET_REG_VEC_W1_I0_2, 1, 0, 0, 0, 0, 0, 0, 0, 0
.	.	.	.	.	.	.	. PROC_SUBSYSTEM_Application_RISCV_MIV_RV32IMA_L1_AHB_ASYNC_RESET_REG_2_31, 1, 0, 0, 0, 0, 0, 0, 0, 0
.	.	.	.	.	.	. PROC_SUBSYSTEM_Application_RISCV_MIV_RV32IMA_L1_AHB_ASYNC_RESET_REG_VEC_W32_I0, 15, 8, 0, 0, 0, 0, 0, 0, 0
.	.	.	.	.	.	.	. PROC_SUBSYSTEM_Application_RISCV_MIV_RV32IMA_L1_AHB_ASYNC_RESET_REG_2, 1, 4, 0, 0, 0, 0, 0, 0, 0
.	.	.	.	.	.	.	. PROC_SUBSYSTEM_Application_RISCV_MIV_RV32IMA_L1_AHB_ASYNC_RESET_REG_2_0, 1, 2, 0, 0, 0, 0, 0, 0, 0
.	.	.	.	.	.	.	. PROC_SUBSYSTEM_Application_RISCV_MIV_RV32IMA_L1_AHB_ASYNC_RESET_REG_2_15, 1, 0, 0, 0, 0, 0, 0, 0, 0
.	.	.	.	.	.	.	. PROC_SUBSYSTEM_Application_RISCV_MIV_RV32IMA_L1_AHB_ASYNC_RESET_REG_2_16, 1, 0, 0, 0, 0, 0, 0, 0, 0
.	.	.	.	.	.	.	. PROC_SUBSYSTEM_Application_RISCV_MIV_RV32IMA_L1_AHB_ASYNC_RESET_REG_2_17, 1, 0, 0, 0, 0, 0, 0, 0, 0
.	.	.	.	.	.	.	. PROC_SUBSYSTEM_Application_RISCV_MIV_RV32IMA_L1_AHB_ASYNC_RESET_REG_2_18, 1, 0, 0, 0, 0, 0, 0, 0, 0
.	.	.	.	.	.	.	. PROC_SUBSYSTEM_Application_RISCV_MIV_RV32IMA_L1_AHB_ASYNC_RESET_REG_2_19, 1, 0, 0, 0, 0, 0, 0, 0, 0
.	.	.	.	.	.	.	. PROC_SUBSYSTEM_Application_RISCV_MIV_RV32IMA_L1_AHB_ASYNC_RESET_REG_2_20, 1, 0, 0, 0, 0, 0, 0, 0, 0
.	.	.	.	.	.	.	. PROC_SUBSYSTEM_Application_RISCV_MIV_RV32IMA_L1_AHB_ASYNC_RESET_REG_2_21, 1, 0, 0, 0, 0, 0, 0, 0, 0
.	.	.	.	.	.	.	. PROC_SUBSYSTEM_Application_RISCV_MIV_RV32IMA_L1_AHB_ASYNC_RESET_REG_2_22, 1, 0, 0, 0, 0, 0, 0, 0, 0
.	.	.	.	.	.	.	. PROC_SUBSYSTEM_Application_RISCV_MIV_RV32IMA_L1_AHB_ASYNC_RESET_REG_2_23, 1, 0, 0, 0, 0, 0, 0, 0, 0
.	.	.	.	.	.	.	. PROC_SUBSYSTEM_Application_RISCV_MIV_RV32IMA_L1_AHB_ASYNC_RESET_REG_2_24, 1, 0, 0, 0, 0, 0, 0, 0, 0
.	.	.	.	.	.	.	. PROC_SUBSYSTEM_Application_RISCV_MIV_RV32IMA_L1_AHB_ASYNC_RESET_REG_2_27, 1, 0, 0, 0, 0, 0, 0, 0, 0
.	.	.	.	.	.	.	. PROC_SUBSYSTEM_Application_RISCV_MIV_RV32IMA_L1_AHB_ASYNC_RESET_REG_2_29, 1, 2, 0, 0, 0, 0, 0, 0, 0
.	.	.	.	.	.	.	. PROC_SUBSYSTEM_Application_RISCV_MIV_RV32IMA_L1_AHB_ASYNC_RESET_REG_2_30, 1, 0, 0, 0, 0, 0, 0, 0, 0
.	.	.	.	.	. PROC_SUBSYSTEM_Application_RISCV_MIV_RV32IMA_L1_AHB_TLXBAR_DMI_XBAR, 1, 6, 0, 0, 0, 0, 0, 0, 0
.	.	.	. PROC_SUBSYSTEM_Application_RISCV_MIV_RV32IMA_L1_AHB_TLERROR_ERROR, 41, 63, 31, 0, 0, 0, 0, 0, 0
.	.	.	.	. PROC_SUBSYSTEM_Application_RISCV_MIV_RV32IMA_L1_AHB_QUEUE_18, 10, 11, 0, 0, 0, 0, 0, 0, 0
.	.	.	. PROC_SUBSYSTEM_Application_RISCV_MIV_RV32IMA_L1_AHB_TLPLIC_PLIC, 142, 276, 19, 0, 0, 0, 0, 0, 0
.	.	.	.	. PROC_SUBSYSTEM_Application_RISCV_MIV_RV32IMA_L1_AHB_LEVEL_GATEWAY, 1, 2, 0, 0, 0, 0, 0, 0, 0
.	.	.	.	. PROC_SUBSYSTEM_Application_RISCV_MIV_RV32IMA_L1_AHB_LEVEL_GATEWAY_0, 1, 2, 0, 0, 0, 0, 0, 0, 0
.	.	.	.	. PROC_SUBSYSTEM_Application_RISCV_MIV_RV32IMA_L1_AHB_QUEUE_10, 71, 8, 0, 0, 0, 0, 0, 0, 0
.	.	.	. PROC_SUBSYSTEM_Application_RISCV_MIV_RV32IMA_L1_AHB_TLTO_AHB, 184, 185, 0, 0, 0, 0, 0, 0, 0
.	.	.	.	. PROC_SUBSYSTEM_Application_RISCV_MIV_RV32IMA_L1_AHB_QUEUE_16_0, 83, 88, 0, 0, 0, 0, 0, 0, 0
.	.	.	. PROC_SUBSYSTEM_Application_RISCV_MIV_RV32IMA_L1_AHB_TLTO_AHB_CONVERTER, 203, 245, 0, 0, 0, 0, 0, 0, 0
.	.	.	.	. PROC_SUBSYSTEM_Application_RISCV_MIV_RV32IMA_L1_AHB_QUEUE_16, 83, 97, 0, 0, 0, 0, 0, 0, 0
.	. PROC_SUBSYSTEM_CONTROL_RISCV_1_MIV_RV32IMA_L1_AHB_24576_0_0s_0s, 5008, 9489, 840, 0, 2, 14, 2, 0, 0
.	.	. PROC_SUBSYSTEM_CONTROL_RISCV_1_MIV_RV32IMA_L1_AHB_ROCKET_SYSTEM_0s, 5008, 9489, 840, 0, 2, 14, 2, 0, 0
.	.	.	. PROC_SUBSYSTEM_CONTROL_RISCV_1_MIV_RV32IMA_L1_AHB_COREPLEX_LOCAL_INTERRUPTER_CLINT, 129, 249, 128, 0, 0, 0, 0, 0, 0
.	.	.	. PROC_SUBSYSTEM_CONTROL_RISCV_1_MIV_RV32IMA_L1_AHB_DEBUG_TRANSPORT_MODULE_JTAG, 168, 147, 0, 0, 0, 0, 0, 0, 0
.	.	.	.	. PROC_SUBSYSTEM_CONTROL_RISCV_1_MIV_RV32IMA_L1_AHB_CAPTURE_CHAIN, 32, 12, 0, 0, 0, 0, 0, 0, 0
.	.	.	.	. PROC_SUBSYSTEM_CONTROL_RISCV_1_MIV_RV32IMA_L1_AHB_CAPTURE_UPDATE_CHAIN, 32, 3, 0, 0, 0, 0, 0, 0, 0
.	.	.	.	. PROC_SUBSYSTEM_CONTROL_RISCV_1_MIV_RV32IMA_L1_AHB_CAPTURE_UPDATE_CHAIN_1, 41, 66, 0, 0, 0, 0, 0, 0, 0
.	.	.	.	. PROC_SUBSYSTEM_CONTROL_RISCV_1_MIV_RV32IMA_L1_AHB_JTAG_BYPASS_CHAIN, 1, 2, 0, 0, 0, 0, 0, 0, 0
.	.	.	.	. PROC_SUBSYSTEM_CONTROL_RISCV_1_MIV_RV32IMA_L1_AHB_JTAG_TAP_CONTROLLER, 15, 32, 0, 0, 0, 0, 0, 0, 0
.	.	.	.	.	. PROC_SUBSYSTEM_CONTROL_RISCV_1_MIV_RV32IMA_L1_AHB_CAPTURE_UPDATE_CHAIN_2, 5, 5, 0, 0, 0, 0, 0, 0, 0
.	.	.	.	.	. PROC_SUBSYSTEM_CONTROL_RISCV_1_MIV_RV32IMA_L1_AHB_JTAG_STATE_MACHINE, 4, 13, 0, 0, 0, 0, 0, 0, 0
.	.	.	.	.	.	. PROC_SUBSYSTEM_CONTROL_RISCV_1_MIV_RV32IMA_L1_AHB_ASYNC_RESET_REG_VEC_W4_I15, 4, 6, 0, 0, 0, 0, 0, 0, 0
.	.	.	.	.	.	.	. PROC_SUBSYSTEM_CONTROL_RISCV_1_MIV_RV32IMA_L1_AHB_ASYNC_RESET_REG_2_68, 1, 1, 0, 0, 0, 0, 0, 0, 0
.	.	.	.	.	.	.	. PROC_SUBSYSTEM_CONTROL_RISCV_1_MIV_RV32IMA_L1_AHB_ASYNC_RESET_REG_2_69, 1, 3, 0, 0, 0, 0, 0, 0, 0
.	.	.	.	.	.	.	. PROC_SUBSYSTEM_CONTROL_RISCV_1_MIV_RV32IMA_L1_AHB_ASYNC_RESET_REG_2_70, 1, 1, 0, 0, 0, 0, 0, 0, 0
.	.	.	.	.	.	.	. PROC_SUBSYSTEM_CONTROL_RISCV_1_MIV_RV32IMA_L1_AHB_ASYNC_RESET_REG_2_71, 1, 1, 0, 0, 0, 0, 0, 0, 0
.	.	.	.	.	. PROC_SUBSYSTEM_CONTROL_RISCV_1_MIV_RV32IMA_L1_AHB_NEGATIVE_EDGE_LATCH_1, 1, 0, 0, 0, 0, 0, 0, 0, 0
.	.	.	.	.	. PROC_SUBSYSTEM_CONTROL_RISCV_1_MIV_RV32IMA_L1_AHB_NEGATIVE_EDGE_LATCH_2, 5, 0, 0, 0, 0, 0, 0, 0, 0
.	.	.	. PROC_SUBSYSTEM_CONTROL_RISCV_1_MIV_RV32IMA_L1_AHB_INT_SYNC_CROSSING_SOURCE_2, 3, 0, 0, 0, 0, 0, 0, 0, 0
.	.	.	.	. PROC_SUBSYSTEM_CONTROL_RISCV_1_MIV_RV32IMA_L1_AHB_ASYNC_RESET_REG_VEC_W1_I0_0_37, 1, 0, 0, 0, 0, 0, 0, 0, 0
.	.	.	.	.	. PROC_SUBSYSTEM_CONTROL_RISCV_1_MIV_RV32IMA_L1_AHB_ASYNC_RESET_REG_42, 1, 0, 0, 0, 0, 0, 0, 0, 0
.	.	.	.	. PROC_SUBSYSTEM_CONTROL_RISCV_1_MIV_RV32IMA_L1_AHB_ASYNC_RESET_REG_VEC_W2_I0, 2, 0, 0, 0, 0, 0, 0, 0, 0
.	.	.	.	.	. PROC_SUBSYSTEM_CONTROL_RISCV_1_MIV_RV32IMA_L1_AHB_ASYNC_RESET_REG_40, 1, 0, 0, 0, 0, 0, 0, 0, 0
.	.	.	.	.	. PROC_SUBSYSTEM_CONTROL_RISCV_1_MIV_RV32IMA_L1_AHB_ASYNC_RESET_REG_41, 1, 0, 0, 0, 0, 0, 0, 0, 0
.	.	.	. PROC_SUBSYSTEM_CONTROL_RISCV_1_MIV_RV32IMA_L1_AHB_INT_XING, 6, 0, 0, 0, 0, 0, 0, 0, 0
.	.	.	.	. PROC_SUBSYSTEM_CONTROL_RISCV_1_MIV_RV32IMA_L1_AHB_SYNCHRONIZER_SHIFT_REG_W31_D3, 6, 0, 0, 0, 0, 0, 0, 0, 0
.	.	.	. PROC_SUBSYSTEM_CONTROL_RISCV_1_MIV_RV32IMA_L1_AHB_PERIPHERY_BUS_PBUS, 469, 979, 32, 0, 0, 0, 0, 0, 0
.	.	.	.	. PROC_SUBSYSTEM_CONTROL_RISCV_1_MIV_RV32IMA_L1_AHB_TLATOMIC_AUTOMATA_PERIPHERY_BUS_SLAVE_TLFRAGMENTER, 123, 435, 32, 0, 0, 0, 0, 0, 0
.	.	.	.	. PROC_SUBSYSTEM_CONTROL_RISCV_1_MIV_RV32IMA_L1_AHB_TLBUFFER_PERIPHERY_BUS_SLAVE_TLFRAGMENTER, 226, 126, 0, 0, 0, 0, 0, 0, 0
.	.	.	.	.	. PROC_SUBSYSTEM_CONTROL_RISCV_1_MIV_RV32IMA_L1_AHB_QUEUE_1_1_0, 81, 46, 0, 0, 0, 0, 0, 0, 0
.	.	.	.	.	. PROC_SUBSYSTEM_CONTROL_RISCV_1_MIV_RV32IMA_L1_AHB_QUEUE_2, 145, 80, 0, 0, 0, 0, 0, 0, 0
.	.	.	.	. PROC_SUBSYSTEM_CONTROL_RISCV_1_MIV_RV32IMA_L1_AHB_TLFRAGMENTER_PERIPHERY_BUS_SLAVE_TLFRAGMENTER, 111, 254, 0, 0, 0, 0, 0, 0, 0
.	.	.	.	.	. PROC_SUBSYSTEM_CONTROL_RISCV_1_MIV_RV32IMA_L1_AHB_REPEATER_0, 24, 24, 0, 0, 0, 0, 0, 0, 0
.	.	.	.	.	. PROC_SUBSYSTEM_CONTROL_RISCV_1_MIV_RV32IMA_L1_AHB_REPEATER_1, 34, 43, 0, 0, 0, 0, 0, 0, 0
.	.	.	.	.	. PROC_SUBSYSTEM_CONTROL_RISCV_1_MIV_RV32IMA_L1_AHB_REPEATER_2, 20, 16, 0, 0, 0, 0, 0, 0, 0
.	.	.	.	. PROC_SUBSYSTEM_CONTROL_RISCV_1_MIV_RV32IMA_L1_AHB_TLXBAR_PERIPHERY_BUS, 9, 164, 0, 0, 0, 0, 0, 0, 0
.	.	.	. PROC_SUBSYSTEM_CONTROL_RISCV_1_MIV_RV32IMA_L1_AHB_RESET_CATCH_AND_SYNC_D3_1, 3, 3, 0, 0, 0, 0, 0, 0, 0
.	.	.	.	. PROC_SUBSYSTEM_CONTROL_RISCV_1_MIV_RV32IMA_L1_AHB_ASYNC_RESET_SYNCHRONIZER_SHIFT_REG_W1_D3_I0_8_5, 3, 3, 0, 0, 0, 0, 0, 0, 0
.	.	.	.	.	. PROC_SUBSYSTEM_CONTROL_RISCV_1_MIV_RV32IMA_L1_AHB_ASYNC_RESET_REG_VEC_W1_I0_1_2, 1, 0, 0, 0, 0, 0, 0, 0, 0
.	.	.	.	.	.	. PROC_SUBSYSTEM_CONTROL_RISCV_1_MIV_RV32IMA_L1_AHB_ASYNC_RESET_REG_1_2, 1, 0, 0, 0, 0, 0, 0, 0, 0
.	.	.	.	.	. PROC_SUBSYSTEM_CONTROL_RISCV_1_MIV_RV32IMA_L1_AHB_ASYNC_RESET_REG_VEC_W1_I0_2_36, 1, 2, 0, 0, 0, 0, 0, 0, 0
.	.	.	.	.	.	. PROC_SUBSYSTEM_CONTROL_RISCV_1_MIV_RV32IMA_L1_AHB_ASYNC_RESET_REG_2_72, 1, 2, 0, 0, 0, 0, 0, 0, 0
.	.	.	.	.	. PROC_SUBSYSTEM_CONTROL_RISCV_1_MIV_RV32IMA_L1_AHB_ASYNC_RESET_REG_VEC_W1_I0_2_37, 1, 1, 0, 0, 0, 0, 0, 0, 0
.	.	.	.	.	.	. PROC_SUBSYSTEM_CONTROL_RISCV_1_MIV_RV32IMA_L1_AHB_ASYNC_RESET_REG_2_73, 1, 1, 0, 0, 0, 0, 0, 0, 0
.	.	.	. PROC_SUBSYSTEM_CONTROL_RISCV_1_MIV_RV32IMA_L1_AHB_ROCKET_TILE_0s, 2237, 4680, 573, 0, 2, 14, 2, 0, 0
.	.	.	.	. PROC_SUBSYSTEM_CONTROL_RISCV_1_MIV_RV32IMA_L1_AHB_DCACHE_DCACHE_0s, 392, 790, 125, 0, 0, 9, 0, 0, 0
.	.	.	.	.	. PROC_SUBSYSTEM_CONTROL_RISCV_1_MIV_RV32IMA_L1_AHB_AMOALU, 0, 176, 68, 0, 0, 0, 0, 0, 0
.	.	.	.	.	. PROC_SUBSYSTEM_CONTROL_RISCV_1_MIV_RV32IMA_L1_AHB_ARBITER, 0, 351, 2, 0, 0, 0, 0, 0, 0
.	.	.	.	.	. PROC_SUBSYSTEM_CONTROL_RISCV_1_MIV_RV32IMA_L1_AHB_ARBITER_1, 0, 125, 0, 0, 0, 0, 0, 0, 0
.	.	.	.	.	. PROC_SUBSYSTEM_CONTROL_RISCV_1_MIV_RV32IMA_L1_AHB_DCACHE_DATA_ARRAY_0s, 14, 31, 0, 0, 0, 8, 0, 0, 0
.	.	.	.	.	.	. PROC_SUBSYSTEM_CONTROL_RISCV_1_MIV_RV32IMA_L1_AHB_DATA_ARRAYS_0_0s, 14, 31, 0, 0, 0, 8, 0, 0, 0
.	.	.	.	.	.	.	. PROC_SUBSYSTEM_CONTROL_RISCV_1_MIV_RV32IMA_L1_AHB_DATA_ARRAYS_0_EXT_0s, 14, 31, 0, 0, 0, 8, 0, 0, 0
.	.	.	.	.	.	.	.	. PROC_SUBSYSTEM_CONTROL_RISCV_1_RAM_2048x8_ECC_0s, 0, 0, 0, 0, 0, 2, 0, 0, 0
.	.	.	.	.	.	.	.	. PROC_SUBSYSTEM_CONTROL_RISCV_1_RAM_2048x8_ECC_0s_0, 2, 1, 0, 0, 0, 2, 0, 0, 0
.	.	.	.	.	.	.	.	. PROC_SUBSYSTEM_CONTROL_RISCV_1_RAM_2048x8_ECC_0s_1, 0, 0, 0, 0, 0, 2, 0, 0, 0
.	.	.	.	.	.	.	.	. PROC_SUBSYSTEM_CONTROL_RISCV_1_RAM_2048x8_ECC_0s_2, 0, 0, 0, 0, 0, 2, 0, 0, 0
.	.	.	.	.	. PROC_SUBSYSTEM_CONTROL_RISCV_1_MIV_RV32IMA_L1_AHB_TAG_ARRAY_0s, 8, 14, 0, 0, 0, 1, 0, 0, 0
.	.	.	.	.	.	. PROC_SUBSYSTEM_CONTROL_RISCV_1_MIV_RV32IMA_L1_AHB_TAG_ARRAY_EXT_0s, 8, 14, 0, 0, 0, 1, 0, 0, 0
.	.	.	.	.	.	.	. PROC_SUBSYSTEM_CONTROL_RISCV_1_RAM_128x21_ECC_0s, 0, 7, 0, 0, 0, 1, 0, 0, 0
.	.	.	.	.	. PROC_SUBSYSTEM_CONTROL_RISCV_1_MIV_RV32IMA_L1_AHB_TLB, 0, 31, 0, 0, 0, 0, 0, 0, 0
.	.	.	.	. PROC_SUBSYSTEM_CONTROL_RISCV_1_MIV_RV32IMA_L1_AHB_FRONTEND_FRONTEND_0s, 620, 956, 52, 0, 0, 5, 0, 0, 0
.	.	.	.	.	. PROC_SUBSYSTEM_CONTROL_RISCV_1_MIV_RV32IMA_L1_AHB_ICACHE_ICACHE_0s, 224, 488, 22, 0, 0, 5, 0, 0, 0
.	.	.	.	.	.	. PROC_SUBSYSTEM_CONTROL_RISCV_1_MIV_RV32IMA_L1_AHB_DATA_ARRAYS_0_0_0s, 14, 33, 0, 0, 0, 4, 0, 0, 0
.	.	.	.	.	.	.	. PROC_SUBSYSTEM_CONTROL_RISCV_1_MIV_RV32IMA_L1_AHB_DATA_ARRAYS_0_0_EXT_0s, 14, 33, 0, 0, 0, 4, 0, 0, 0
.	.	.	.	.	.	.	.	. PROC_SUBSYSTEM_CONTROL_RISCV_1_RAM_2048x32_ECC_0s, 2, 1, 0, 0, 0, 4, 0, 0, 0
.	.	.	.	.	.	. PROC_SUBSYSTEM_CONTROL_RISCV_1_MIV_RV32IMA_L1_AHB_TAG_ARRAY_0_0s, 7, 23, 0, 0, 0, 1, 0, 0, 0
.	.	.	.	.	.	.	. PROC_SUBSYSTEM_CONTROL_RISCV_1_MIV_RV32IMA_L1_AHB_TAG_ARRAY_0_EXT_0s, 7, 23, 0, 0, 0, 1, 0, 0, 0
.	.	.	.	.	.	.	.	. PROC_SUBSYSTEM_CONTROL_RISCV_1_RAM_128x20_ECC_0s, 0, 8, 0, 0, 0, 1, 0, 0, 0
.	.	.	.	.	. PROC_SUBSYSTEM_CONTROL_RISCV_1_MIV_RV32IMA_L1_AHB_SHIFT_QUEUE, 328, 350, 0, 0, 0, 0, 0, 0, 0
.	.	.	.	.	. PROC_SUBSYSTEM_CONTROL_RISCV_1_MIV_RV32IMA_L1_AHB_TLB_1, 0, 11, 0, 0, 0, 0, 0, 0, 0
.	.	.	.	. PROC_SUBSYSTEM_CONTROL_RISCV_1_MIV_RV32IMA_L1_AHB_INT_SYNC_CROSSING_SINK, 3, 0, 0, 0, 0, 0, 0, 0, 0
.	.	.	.	.	. PROC_SUBSYSTEM_CONTROL_RISCV_1_MIV_RV32IMA_L1_AHB_SYNCHRONIZER_SHIFT_REG_W1_D3, 3, 0, 0, 0, 0, 0, 0, 0, 0
.	.	.	.	. PROC_SUBSYSTEM_CONTROL_RISCV_1_MIV_RV32IMA_L1_AHB_ROCKET, 840, 2594, 386, 0, 2, 0, 2, 0, 0
.	.	.	.	.	. PROC_SUBSYSTEM_CONTROL_RISCV_1_MIV_RV32IMA_L1_AHB_ALU, 0, 462, 37, 0, 0, 0, 0, 0, 0
.	.	.	.	.	. PROC_SUBSYSTEM_CONTROL_RISCV_1_MIV_RV32IMA_L1_AHB_BREAKPOINT_UNIT, 0, 1055, 192, 0, 0, 0, 0, 0, 0
.	.	.	.	.	. PROC_SUBSYSTEM_CONTROL_RISCV_1_MIV_RV32IMA_L1_AHB_CSRFILE, 287, 551, 0, 0, 0, 0, 0, 0, 0
.	.	.	.	.	. PROC_SUBSYSTEM_CONTROL_RISCV_1_MIV_RV32IMA_L1_AHB_IBUF, 0, 1, 0, 0, 0, 0, 0, 0, 0
.	.	.	.	.	. PROC_SUBSYSTEM_CONTROL_RISCV_1_MIV_RV32IMA_L1_AHB_MUL_DIV, 120, 273, 121, 0, 2, 0, 0, 0, 0
.	.	.	.	. PROC_SUBSYSTEM_CONTROL_RISCV_1_MIV_RV32IMA_L1_AHB_TLBUFFER_SYSTEM_BUS, 369, 198, 0, 0, 0, 0, 0, 0, 0
.	.	.	.	.	. PROC_SUBSYSTEM_CONTROL_RISCV_1_MIV_RV32IMA_L1_AHB_QUEUE_11, 161, 78, 0, 0, 0, 0, 0, 0, 0
.	.	.	.	.	. PROC_SUBSYSTEM_CONTROL_RISCV_1_MIV_RV32IMA_L1_AHB_QUEUE_14, 123, 70, 0, 0, 0, 0, 0, 0, 0
.	.	.	.	.	. PROC_SUBSYSTEM_CONTROL_RISCV_1_MIV_RV32IMA_L1_AHB_QUEUE_6_2, 85, 50, 0, 0, 0, 0, 0, 0, 0
.	.	.	.	. PROC_SUBSYSTEM_CONTROL_RISCV_1_MIV_RV32IMA_L1_AHB_TLXBAR_TL_MASTER_XBAR, 13, 142, 10, 0, 0, 0, 0, 0, 0
.	.	.	. PROC_SUBSYSTEM_CONTROL_RISCV_1_MIV_RV32IMA_L1_AHB_SYSTEM_BUS_SBUS, 600, 771, 51, 0, 0, 0, 0, 0, 0
.	.	.	.	. PROC_SUBSYSTEM_CONTROL_RISCV_1_MIV_RV32IMA_L1_AHB_SIMPLE_LAZY_MODULE_SYSTEM_BUS_FROM_TILE, 67, 304, 41, 0, 0, 0, 0, 0, 0
.	.	.	.	.	. PROC_SUBSYSTEM_CONTROL_RISCV_1_MIV_RV32IMA_L1_AHB_TLCACHE_CORK_SYSTEM_BUS, 43, 238, 21, 0, 0, 0, 0, 0, 0
.	.	.	.	.	.	. PROC_SUBSYSTEM_CONTROL_RISCV_1_MIV_RV32IMA_L1_AHB_QUEUE_6_0, 13, 10, 0, 0, 0, 0, 0, 0, 0
.	.	.	.	.	.	. PROC_SUBSYSTEM_CONTROL_RISCV_1_MIV_RV32IMA_L1_AHB_QUEUE_6_1, 5, 9, 0, 0, 0, 0, 0, 0, 0
.	.	.	.	.	. PROC_SUBSYSTEM_CONTROL_RISCV_1_MIV_RV32IMA_L1_AHB_TLFIFOFIXER_SYSTEM_BUS, 24, 66, 20, 0, 0, 0, 0, 0, 0
.	.	.	.	. PROC_SUBSYSTEM_CONTROL_RISCV_1_MIV_RV32IMA_L1_AHB_TLBUFFER_SYSTEM_BUS_SLAVE_TLBUFFER, 504, 269, 0, 0, 0, 0, 0, 0, 0
.	.	.	.	.	. PROC_SUBSYSTEM_CONTROL_RISCV_1_MIV_RV32IMA_L1_AHB_QUEUE_0, 141, 73, 0, 0, 0, 0, 0, 0, 0
.	.	.	.	.	. PROC_SUBSYSTEM_CONTROL_RISCV_1_MIV_RV32IMA_L1_AHB_QUEUE_1, 155, 85, 0, 0, 0, 0, 0, 0, 0
.	.	.	.	.	. PROC_SUBSYSTEM_CONTROL_RISCV_1_MIV_RV32IMA_L1_AHB_QUEUE_1_0, 83, 44, 0, 0, 0, 0, 0, 0, 0
.	.	.	.	.	. PROC_SUBSYSTEM_CONTROL_RISCV_1_MIV_RV32IMA_L1_AHB_QUEUE_1_1, 81, 41, 0, 0, 0, 0, 0, 0, 0
.	.	.	.	.	. PROC_SUBSYSTEM_CONTROL_RISCV_1_MIV_RV32IMA_L1_AHB_QUEUE_4, 21, 15, 0, 0, 0, 0, 0, 0, 0
.	.	.	.	.	. PROC_SUBSYSTEM_CONTROL_RISCV_1_MIV_RV32IMA_L1_AHB_QUEUE_5, 23, 11, 0, 0, 0, 0, 0, 0, 0
.	.	.	.	. PROC_SUBSYSTEM_CONTROL_RISCV_1_MIV_RV32IMA_L1_AHB_TLFIFOFIXER_SYSTEM_BUS_PBUS_TLFIFOFIXER, 12, 59, 0, 0, 0, 0, 0, 0, 0
.	.	.	.	. PROC_SUBSYSTEM_CONTROL_RISCV_1_MIV_RV32IMA_L1_AHB_TLXBAR_SYSTEM_BUS, 17, 139, 10, 0, 0, 0, 0, 0, 0
.	.	.	. PROC_SUBSYSTEM_CONTROL_RISCV_1_MIV_RV32IMA_L1_AHB_TLDEBUG_MODULE_DEBUG, 799, 1876, 18, 0, 0, 0, 0, 0, 0
.	.	.	.	. PROC_SUBSYSTEM_CONTROL_RISCV_1_MIV_RV32IMA_L1_AHB_TLDEBUG_MODULE_INNER_ASYNC_DM_INNER, 674, 1740, 18, 0, 0, 0, 0, 0, 0
.	.	.	.	.	. PROC_SUBSYSTEM_CONTROL_RISCV_1_MIV_RV32IMA_L1_AHB_ASYNC_QUEUE_SINK_2, 25, 9, 0, 0, 0, 0, 0, 0, 0
.	.	.	.	.	.	. PROC_SUBSYSTEM_CONTROL_RISCV_1_MIV_RV32IMA_L1_AHB_ASYNC_RESET_REG_VEC_W1_I0_0_23, 1, 0, 0, 0, 0, 0, 0, 0, 0
.	.	.	.	.	.	.	. PROC_SUBSYSTEM_CONTROL_RISCV_1_MIV_RV32IMA_L1_AHB_ASYNC_RESET_REG_26, 1, 0, 0, 0, 0, 0, 0, 0, 0
.	.	.	.	.	.	. PROC_SUBSYSTEM_CONTROL_RISCV_1_MIV_RV32IMA_L1_AHB_ASYNC_RESET_REG_VEC_W1_I0_0_27, 1, 0, 0, 0, 0, 0, 0, 0, 0
.	.	.	.	.	.	.	. PROC_SUBSYSTEM_CONTROL_RISCV_1_MIV_RV32IMA_L1_AHB_ASYNC_RESET_REG_30, 1, 0, 0, 0, 0, 0, 0, 0, 0
.	.	.	.	.	.	. PROC_SUBSYSTEM_CONTROL_RISCV_1_MIV_RV32IMA_L1_AHB_ASYNC_RESET_SYNCHRONIZER_SHIFT_REG_W1_D3_I0_4, 3, 0, 0, 0, 0, 0, 0, 0, 0
.	.	.	.	.	.	.	. PROC_SUBSYSTEM_CONTROL_RISCV_1_MIV_RV32IMA_L1_AHB_ASYNC_RESET_REG_VEC_W1_I0_0_24, 1, 0, 0, 0, 0, 0, 0, 0, 0
.	.	.	.	.	.	.	.	. PROC_SUBSYSTEM_CONTROL_RISCV_1_MIV_RV32IMA_L1_AHB_ASYNC_RESET_REG_27, 1, 0, 0, 0, 0, 0, 0, 0, 0
.	.	.	.	.	.	.	. PROC_SUBSYSTEM_CONTROL_RISCV_1_MIV_RV32IMA_L1_AHB_ASYNC_RESET_REG_VEC_W1_I0_0_25, 1, 0, 0, 0, 0, 0, 0, 0, 0
.	.	.	.	.	.	.	.	. PROC_SUBSYSTEM_CONTROL_RISCV_1_MIV_RV32IMA_L1_AHB_ASYNC_RESET_REG_28, 1, 0, 0, 0, 0, 0, 0, 0, 0
.	.	.	.	.	.	.	. PROC_SUBSYSTEM_CONTROL_RISCV_1_MIV_RV32IMA_L1_AHB_ASYNC_RESET_REG_VEC_W1_I0_0_26, 1, 0, 0, 0, 0, 0, 0, 0, 0
.	.	.	.	.	.	.	.	. PROC_SUBSYSTEM_CONTROL_RISCV_1_MIV_RV32IMA_L1_AHB_ASYNC_RESET_REG_29, 1, 0, 0, 0, 0, 0, 0, 0, 0
.	.	.	.	.	.	. PROC_SUBSYSTEM_CONTROL_RISCV_1_MIV_RV32IMA_L1_AHB_ASYNC_VALID_SYNC_3_1, 4, 4, 0, 0, 0, 0, 0, 0, 0
.	.	.	.	.	.	.	. PROC_SUBSYSTEM_CONTROL_RISCV_1_MIV_RV32IMA_L1_AHB_ASYNC_RESET_SYNCHRONIZER_SHIFT_REG_W1_D4_I0_2, 4, 4, 0, 0, 0, 0, 0, 0, 0
.	.	.	.	.	.	.	.	. PROC_SUBSYSTEM_CONTROL_RISCV_1_MIV_RV32IMA_L1_AHB_ASYNC_RESET_REG_VEC_W1_I0_0_28, 1, 2, 0, 0, 0, 0, 0, 0, 0
.	.	.	.	.	.	.	.	.	. PROC_SUBSYSTEM_CONTROL_RISCV_1_MIV_RV32IMA_L1_AHB_ASYNC_RESET_REG_31, 1, 2, 0, 0, 0, 0, 0, 0, 0
.	.	.	.	.	.	.	.	. PROC_SUBSYSTEM_CONTROL_RISCV_1_MIV_RV32IMA_L1_AHB_ASYNC_RESET_REG_VEC_W1_I0_0_29, 1, 1, 0, 0, 0, 0, 0, 0, 0
.	.	.	.	.	.	.	.	.	. PROC_SUBSYSTEM_CONTROL_RISCV_1_MIV_RV32IMA_L1_AHB_ASYNC_RESET_REG_32, 1, 1, 0, 0, 0, 0, 0, 0, 0
.	.	.	.	.	.	.	.	. PROC_SUBSYSTEM_CONTROL_RISCV_1_MIV_RV32IMA_L1_AHB_ASYNC_RESET_REG_VEC_W1_I0_0_30, 1, 1, 0, 0, 0, 0, 0, 0, 0
.	.	.	.	.	.	.	.	.	. PROC_SUBSYSTEM_CONTROL_RISCV_1_MIV_RV32IMA_L1_AHB_ASYNC_RESET_REG_33, 1, 1, 0, 0, 0, 0, 0, 0, 0
.	.	.	.	.	.	.	.	. PROC_SUBSYSTEM_CONTROL_RISCV_1_MIV_RV32IMA_L1_AHB_ASYNC_RESET_REG_VEC_W1_I0_4, 1, 0, 0, 0, 0, 0, 0, 0, 0
.	.	.	.	.	.	.	.	.	. PROC_SUBSYSTEM_CONTROL_RISCV_1_MIV_RV32IMA_L1_AHB_ASYNC_RESET_REG_0_1, 1, 0, 0, 0, 0, 0, 0, 0, 0
.	.	.	.	.	.	. PROC_SUBSYSTEM_CONTROL_RISCV_1_MIV_RV32IMA_L1_AHB_ASYNC_VALID_SYNC_4_1, 1, 1, 0, 0, 0, 0, 0, 0, 0
.	.	.	.	.	.	.	. PROC_SUBSYSTEM_CONTROL_RISCV_1_MIV_RV32IMA_L1_AHB_ASYNC_RESET_SYNCHRONIZER_SHIFT_REG_W1_D1_I0_2, 1, 1, 0, 0, 0, 0, 0, 0, 0
.	.	.	.	.	.	.	.	. PROC_SUBSYSTEM_CONTROL_RISCV_1_MIV_RV32IMA_L1_AHB_ASYNC_RESET_REG_VEC_W1_I0_0_31, 1, 1, 0, 0, 0, 0, 0, 0, 0
.	.	.	.	.	.	.	.	.	. PROC_SUBSYSTEM_CONTROL_RISCV_1_MIV_RV32IMA_L1_AHB_ASYNC_RESET_REG_34, 1, 1, 0, 0, 0, 0, 0, 0, 0
.	.	.	.	.	.	. PROC_SUBSYSTEM_CONTROL_RISCV_1_MIV_RV32IMA_L1_AHB_ASYNC_VALID_SYNC_5_1, 3, 0, 0, 0, 0, 0, 0, 0, 0
.	.	.	.	.	.	.	. PROC_SUBSYSTEM_CONTROL_RISCV_1_MIV_RV32IMA_L1_AHB_ASYNC_RESET_SYNCHRONIZER_SHIFT_REG_W1_D3_I0_5, 3, 0, 0, 0, 0, 0, 0, 0, 0
.	.	.	.	.	.	.	.	. PROC_SUBSYSTEM_CONTROL_RISCV_1_MIV_RV32IMA_L1_AHB_ASYNC_RESET_REG_VEC_W1_I0_0_32, 1, 0, 0, 0, 0, 0, 0, 0, 0
.	.	.	.	.	.	.	.	.	. PROC_SUBSYSTEM_CONTROL_RISCV_1_MIV_RV32IMA_L1_AHB_ASYNC_RESET_REG_35, 1, 0, 0, 0, 0, 0, 0, 0, 0
.	.	.	.	.	.	.	.	. PROC_SUBSYSTEM_CONTROL_RISCV_1_MIV_RV32IMA_L1_AHB_ASYNC_RESET_REG_VEC_W1_I0_0_33, 1, 0, 0, 0, 0, 0, 0, 0, 0
.	.	.	.	.	.	.	.	.	. PROC_SUBSYSTEM_CONTROL_RISCV_1_MIV_RV32IMA_L1_AHB_ASYNC_RESET_REG_36, 1, 0, 0, 0, 0, 0, 0, 0, 0
.	.	.	.	.	.	.	.	. PROC_SUBSYSTEM_CONTROL_RISCV_1_MIV_RV32IMA_L1_AHB_ASYNC_RESET_REG_VEC_W1_I0_0_34, 1, 0, 0, 0, 0, 0, 0, 0, 0
.	.	.	.	.	.	.	.	.	. PROC_SUBSYSTEM_CONTROL_RISCV_1_MIV_RV32IMA_L1_AHB_ASYNC_RESET_REG_37, 1, 0, 0, 0, 0, 0, 0, 0, 0
.	.	.	.	.	.	. PROC_SUBSYSTEM_CONTROL_RISCV_1_MIV_RV32IMA_L1_AHB_SYNCHRONIZER_SHIFT_REG_W12_D1, 12, 0, 0, 0, 0, 0, 0, 0, 0
.	.	.	.	.	. PROC_SUBSYSTEM_CONTROL_RISCV_1_MIV_RV32IMA_L1_AHB_RESET_CATCH_AND_SYNC_D3_0, 3, 3, 0, 0, 0, 0, 0, 0, 0
.	.	.	.	.	.	. PROC_SUBSYSTEM_CONTROL_RISCV_1_MIV_RV32IMA_L1_AHB_ASYNC_RESET_SYNCHRONIZER_SHIFT_REG_W1_D3_I0_8_4, 3, 3, 0, 0, 0, 0, 0, 0, 0
.	.	.	.	.	.	.	. PROC_SUBSYSTEM_CONTROL_RISCV_1_MIV_RV32IMA_L1_AHB_ASYNC_RESET_REG_VEC_W1_I0_0_35, 1, 2, 0, 0, 0, 0, 0, 0, 0
.	.	.	.	.	.	.	.	. PROC_SUBSYSTEM_CONTROL_RISCV_1_MIV_RV32IMA_L1_AHB_ASYNC_RESET_REG_38, 1, 2, 0, 0, 0, 0, 0, 0, 0
.	.	.	.	.	.	.	. PROC_SUBSYSTEM_CONTROL_RISCV_1_MIV_RV32IMA_L1_AHB_ASYNC_RESET_REG_VEC_W1_I0_0_36, 1, 1, 0, 0, 0, 0, 0, 0, 0
.	.	.	.	.	.	.	.	. PROC_SUBSYSTEM_CONTROL_RISCV_1_MIV_RV32IMA_L1_AHB_ASYNC_RESET_REG_39, 1, 1, 0, 0, 0, 0, 0, 0, 0
.	.	.	.	.	.	.	. PROC_SUBSYSTEM_CONTROL_RISCV_1_MIV_RV32IMA_L1_AHB_ASYNC_RESET_REG_VEC_W1_I0_5, 1, 0, 0, 0, 0, 0, 0, 0, 0
.	.	.	.	.	.	.	.	. PROC_SUBSYSTEM_CONTROL_RISCV_1_MIV_RV32IMA_L1_AHB_ASYNC_RESET_REG_0_2, 1, 0, 0, 0, 0, 0, 0, 0, 0
.	.	.	.	.	. PROC_SUBSYSTEM_CONTROL_RISCV_1_MIV_RV32IMA_L1_AHB_TLASYNC_CROSSING_SINK_DMI_XING, 83, 4, 0, 0, 0, 0, 0, 0, 0
.	.	.	.	.	.	. PROC_SUBSYSTEM_CONTROL_RISCV_1_MIV_RV32IMA_L1_AHB_ASYNC_QUEUE_SINK_1, 46, 2, 0, 0, 0, 0, 0, 0, 0
.	.	.	.	.	.	.	. PROC_SUBSYSTEM_CONTROL_RISCV_1_MIV_RV32IMA_L1_AHB_ASYNC_RESET_REG_VEC_W1_I0_0, 1, 0, 0, 0, 0, 0, 0, 0, 0
.	.	.	.	.	.	.	.	. PROC_SUBSYSTEM_CONTROL_RISCV_1_MIV_RV32IMA_L1_AHB_ASYNC_RESET_REG, 1, 0, 0, 0, 0, 0, 0, 0, 0
.	.	.	.	.	.	.	. PROC_SUBSYSTEM_CONTROL_RISCV_1_MIV_RV32IMA_L1_AHB_ASYNC_RESET_REG_VEC_W1_I0_0_3, 1, 0, 0, 0, 0, 0, 0, 0, 0
.	.	.	.	.	.	.	.	. PROC_SUBSYSTEM_CONTROL_RISCV_1_MIV_RV32IMA_L1_AHB_ASYNC_RESET_REG_6, 1, 0, 0, 0, 0, 0, 0, 0, 0
.	.	.	.	.	.	.	. PROC_SUBSYSTEM_CONTROL_RISCV_1_MIV_RV32IMA_L1_AHB_ASYNC_RESET_SYNCHRONIZER_SHIFT_REG_W1_D3_I0, 3, 0, 0, 0, 0, 0, 0, 0, 0
.	.	.	.	.	.	.	.	. PROC_SUBSYSTEM_CONTROL_RISCV_1_MIV_RV32IMA_L1_AHB_ASYNC_RESET_REG_VEC_W1_I0_0_0, 1, 0, 0, 0, 0, 0, 0, 0, 0
.	.	.	.	.	.	.	.	.	. PROC_SUBSYSTEM_CONTROL_RISCV_1_MIV_RV32IMA_L1_AHB_ASYNC_RESET_REG_3, 1, 0, 0, 0, 0, 0, 0, 0, 0
.	.	.	.	.	.	.	.	. PROC_SUBSYSTEM_CONTROL_RISCV_1_MIV_RV32IMA_L1_AHB_ASYNC_RESET_REG_VEC_W1_I0_0_1, 1, 0, 0, 0, 0, 0, 0, 0, 0
.	.	.	.	.	.	.	.	.	. PROC_SUBSYSTEM_CONTROL_RISCV_1_MIV_RV32IMA_L1_AHB_ASYNC_RESET_REG_4, 1, 0, 0, 0, 0, 0, 0, 0, 0
.	.	.	.	.	.	.	.	. PROC_SUBSYSTEM_CONTROL_RISCV_1_MIV_RV32IMA_L1_AHB_ASYNC_RESET_REG_VEC_W1_I0_0_2, 1, 0, 0, 0, 0, 0, 0, 0, 0
.	.	.	.	.	.	.	.	.	. PROC_SUBSYSTEM_CONTROL_RISCV_1_MIV_RV32IMA_L1_AHB_ASYNC_RESET_REG_5, 1, 0, 0, 0, 0, 0, 0, 0, 0
.	.	.	.	.	.	.	. PROC_SUBSYSTEM_CONTROL_RISCV_1_MIV_RV32IMA_L1_AHB_SYNCHRONIZER_SHIFT_REG_W54_D1, 41, 0, 0, 0, 0, 0, 0, 0, 0
.	.	.	.	.	.	. PROC_SUBSYSTEM_CONTROL_RISCV_1_MIV_RV32IMA_L1_AHB_ASYNC_QUEUE_SOURCE_2, 37, 2, 0, 0, 0, 0, 0, 0, 0
.	.	.	.	.	.	.	. PROC_SUBSYSTEM_CONTROL_RISCV_1_MIV_RV32IMA_L1_AHB_ASYNC_RESET_REG_VEC_W1_I0_0_11, 1, 0, 0, 0, 0, 0, 0, 0, 0
.	.	.	.	.	.	.	.	. PROC_SUBSYSTEM_CONTROL_RISCV_1_MIV_RV32IMA_L1_AHB_ASYNC_RESET_REG_14, 1, 0, 0, 0, 0, 0, 0, 0, 0
.	.	.	.	.	.	.	. PROC_SUBSYSTEM_CONTROL_RISCV_1_MIV_RV32IMA_L1_AHB_ASYNC_RESET_REG_VEC_W1_I0_0_15, 1, 0, 0, 0, 0, 0, 0, 0, 0
.	.	.	.	.	.	.	.	. PROC_SUBSYSTEM_CONTROL_RISCV_1_MIV_RV32IMA_L1_AHB_ASYNC_RESET_REG_18, 1, 0, 0, 0, 0, 0, 0, 0, 0
.	.	.	.	.	.	.	. PROC_SUBSYSTEM_CONTROL_RISCV_1_MIV_RV32IMA_L1_AHB_ASYNC_RESET_SYNCHRONIZER_SHIFT_REG_W1_D3_I0_2, 3, 0, 0, 0, 0, 0, 0, 0, 0
.	.	.	.	.	.	.	.	. PROC_SUBSYSTEM_CONTROL_RISCV_1_MIV_RV32IMA_L1_AHB_ASYNC_RESET_REG_VEC_W1_I0_0_12, 1, 0, 0, 0, 0, 0, 0, 0, 0
.	.	.	.	.	.	.	.	.	. PROC_SUBSYSTEM_CONTROL_RISCV_1_MIV_RV32IMA_L1_AHB_ASYNC_RESET_REG_15, 1, 0, 0, 0, 0, 0, 0, 0, 0
.	.	.	.	.	.	.	.	. PROC_SUBSYSTEM_CONTROL_RISCV_1_MIV_RV32IMA_L1_AHB_ASYNC_RESET_REG_VEC_W1_I0_0_13, 1, 0, 0, 0, 0, 0, 0, 0, 0
.	.	.	.	.	.	.	.	.	. PROC_SUBSYSTEM_CONTROL_RISCV_1_MIV_RV32IMA_L1_AHB_ASYNC_RESET_REG_16, 1, 0, 0, 0, 0, 0, 0, 0, 0
.	.	.	.	.	.	.	.	. PROC_SUBSYSTEM_CONTROL_RISCV_1_MIV_RV32IMA_L1_AHB_ASYNC_RESET_REG_VEC_W1_I0_0_14, 1, 0, 0, 0, 0, 0, 0, 0, 0
.	.	.	.	.	.	.	.	.	. PROC_SUBSYSTEM_CONTROL_RISCV_1_MIV_RV32IMA_L1_AHB_ASYNC_RESET_REG_17, 1, 0, 0, 0, 0, 0, 0, 0, 0
.	.	.	.	.	. PROC_SUBSYSTEM_CONTROL_RISCV_1_MIV_RV32IMA_L1_AHB_TLDEBUG_MODULE_INNER_DM_INNER, 563, 1724, 18, 0, 0, 0, 0, 0, 0
.	.	.	.	. PROC_SUBSYSTEM_CONTROL_RISCV_1_MIV_RV32IMA_L1_AHB_TLDEBUG_MODULE_OUTER_ASYNC_DM_OUTER, 125, 136, 0, 0, 0, 0, 0, 0, 0
.	.	.	.	.	. PROC_SUBSYSTEM_CONTROL_RISCV_1_MIV_RV32IMA_L1_AHB_ASYNC_QUEUE_SOURCE_1, 19, 19, 0, 0, 0, 0, 0, 0, 0
.	.	.	.	.	.	. PROC_SUBSYSTEM_CONTROL_RISCV_1_MIV_RV32IMA_L1_AHB_ASYNC_RESET_REG_VEC_W1_I0_2_24, 1, 1, 0, 0, 0, 0, 0, 0, 0
.	.	.	.	.	.	.	. PROC_SUBSYSTEM_CONTROL_RISCV_1_MIV_RV32IMA_L1_AHB_ASYNC_RESET_REG_2_56, 1, 1, 0, 0, 0, 0, 0, 0, 0
.	.	.	.	.	.	. PROC_SUBSYSTEM_CONTROL_RISCV_1_MIV_RV32IMA_L1_AHB_ASYNC_RESET_REG_VEC_W1_I0_2_28, 1, 1, 0, 0, 0, 0, 0, 0, 0
.	.	.	.	.	.	.	. PROC_SUBSYSTEM_CONTROL_RISCV_1_MIV_RV32IMA_L1_AHB_ASYNC_RESET_REG_2_60, 1, 1, 0, 0, 0, 0, 0, 0, 0
.	.	.	.	.	.	. PROC_SUBSYSTEM_CONTROL_RISCV_1_MIV_RV32IMA_L1_AHB_ASYNC_RESET_SYNCHRONIZER_SHIFT_REG_W1_D3_I0_0_3, 3, 0, 0, 0, 0, 0, 0, 0, 0
.	.	.	.	.	.	.	. PROC_SUBSYSTEM_CONTROL_RISCV_1_MIV_RV32IMA_L1_AHB_ASYNC_RESET_REG_VEC_W1_I0_2_25, 1, 0, 0, 0, 0, 0, 0, 0, 0
.	.	.	.	.	.	.	.	. PROC_SUBSYSTEM_CONTROL_RISCV_1_MIV_RV32IMA_L1_AHB_ASYNC_RESET_REG_2_57, 1, 0, 0, 0, 0, 0, 0, 0, 0
.	.	.	.	.	.	.	. PROC_SUBSYSTEM_CONTROL_RISCV_1_MIV_RV32IMA_L1_AHB_ASYNC_RESET_REG_VEC_W1_I0_2_26, 1, 0, 0, 0, 0, 0, 0, 0, 0
.	.	.	.	.	.	.	.	. PROC_SUBSYSTEM_CONTROL_RISCV_1_MIV_RV32IMA_L1_AHB_ASYNC_RESET_REG_2_58, 1, 0, 0, 0, 0, 0, 0, 0, 0
.	.	.	.	.	.	.	. PROC_SUBSYSTEM_CONTROL_RISCV_1_MIV_RV32IMA_L1_AHB_ASYNC_RESET_REG_VEC_W1_I0_2_27, 1, 0, 0, 0, 0, 0, 0, 0, 0
.	.	.	.	.	.	.	.	. PROC_SUBSYSTEM_CONTROL_RISCV_1_MIV_RV32IMA_L1_AHB_ASYNC_RESET_REG_2_59, 1, 0, 0, 0, 0, 0, 0, 0, 0
.	.	.	.	.	.	. PROC_SUBSYSTEM_CONTROL_RISCV_1_MIV_RV32IMA_L1_AHB_ASYNC_VALID_SYNC_0, 0, 3, 0, 0, 0, 0, 0, 0, 0
.	.	.	.	.	.	.	. PROC_SUBSYSTEM_CONTROL_RISCV_1_MIV_RV32IMA_L1_AHB_ASYNC_RESET_SYNCHRONIZER_SHIFT_REG_W1_D4_I0_0_1, 0, 3, 0, 0, 0, 0, 0, 0, 0
.	.	.	.	.	.	.	.	. PROC_SUBSYSTEM_CONTROL_RISCV_1_MIV_RV32IMA_L1_AHB_ASYNC_RESET_REG_VEC_W1_I0_2_29, 0, 1, 0, 0, 0, 0, 0, 0, 0
.	.	.	.	.	.	.	.	.	. PROC_SUBSYSTEM_CONTROL_RISCV_1_MIV_RV32IMA_L1_AHB_ASYNC_RESET_REG_2_61, 0, 1, 0, 0, 0, 0, 0, 0, 0
.	.	.	.	.	.	.	.	. PROC_SUBSYSTEM_CONTROL_RISCV_1_MIV_RV32IMA_L1_AHB_ASYNC_RESET_REG_VEC_W1_I0_2_30, 0, 1, 0, 0, 0, 0, 0, 0, 0
.	.	.	.	.	.	.	.	.	. PROC_SUBSYSTEM_CONTROL_RISCV_1_MIV_RV32IMA_L1_AHB_ASYNC_RESET_REG_2_62, 0, 1, 0, 0, 0, 0, 0, 0, 0
.	.	.	.	.	.	.	.	. PROC_SUBSYSTEM_CONTROL_RISCV_1_MIV_RV32IMA_L1_AHB_ASYNC_RESET_REG_VEC_W1_I0_2_31, 0, 1, 0, 0, 0, 0, 0, 0, 0
.	.	.	.	.	.	.	.	.	. PROC_SUBSYSTEM_CONTROL_RISCV_1_MIV_RV32IMA_L1_AHB_ASYNC_RESET_REG_2_63, 0, 1, 0, 0, 0, 0, 0, 0, 0
.	.	.	.	.	.	. PROC_SUBSYSTEM_CONTROL_RISCV_1_MIV_RV32IMA_L1_AHB_ASYNC_VALID_SYNC_1_0, 1, 0, 0, 0, 0, 0, 0, 0, 0
.	.	.	.	.	.	.	. PROC_SUBSYSTEM_CONTROL_RISCV_1_MIV_RV32IMA_L1_AHB_ASYNC_RESET_SYNCHRONIZER_SHIFT_REG_W1_D1_I0_0_1, 1, 0, 0, 0, 0, 0, 0, 0, 0
.	.	.	.	.	.	.	.	. PROC_SUBSYSTEM_CONTROL_RISCV_1_MIV_RV32IMA_L1_AHB_ASYNC_RESET_REG_VEC_W1_I0_2_32, 1, 0, 0, 0, 0, 0, 0, 0, 0
.	.	.	.	.	.	.	.	.	. PROC_SUBSYSTEM_CONTROL_RISCV_1_MIV_RV32IMA_L1_AHB_ASYNC_RESET_REG_2_64, 1, 0, 0, 0, 0, 0, 0, 0, 0
.	.	.	.	.	.	. PROC_SUBSYSTEM_CONTROL_RISCV_1_MIV_RV32IMA_L1_AHB_ASYNC_VALID_SYNC_2_0_0, 1, 0, 0, 0, 0, 0, 0, 0, 0
.	.	.	.	.	.	.	. PROC_SUBSYSTEM_CONTROL_RISCV_1_MIV_RV32IMA_L1_AHB_ASYNC_RESET_SYNCHRONIZER_SHIFT_REG_W1_D3_I0_0_4, 1, 0, 0, 0, 0, 0, 0, 0, 0
.	.	.	.	.	.	.	.	. PROC_SUBSYSTEM_CONTROL_RISCV_1_MIV_RV32IMA_L1_AHB_ASYNC_RESET_REG_VEC_W1_I0_2_34, 1, 0, 0, 0, 0, 0, 0, 0, 0
.	.	.	.	.	.	.	.	.	. PROC_SUBSYSTEM_CONTROL_RISCV_1_MIV_RV32IMA_L1_AHB_ASYNC_RESET_REG_2_66, 1, 0, 0, 0, 0, 0, 0, 0, 0
.	.	.	.	.	. PROC_SUBSYSTEM_CONTROL_RISCV_1_MIV_RV32IMA_L1_AHB_DMITO_TL_DMI2TL, 0, 33, 0, 0, 0, 0, 0, 0, 0
.	.	.	.	.	. PROC_SUBSYSTEM_CONTROL_RISCV_1_MIV_RV32IMA_L1_AHB_TLASYNC_CROSSING_SOURCE_DM_INNER, 89, 12, 0, 0, 0, 0, 0, 0, 0
.	.	.	.	.	.	. PROC_SUBSYSTEM_CONTROL_RISCV_1_MIV_RV32IMA_L1_AHB_ASYNC_QUEUE_SINK, 43, 9, 0, 0, 0, 0, 0, 0, 0
.	.	.	.	.	.	.	. PROC_SUBSYSTEM_CONTROL_RISCV_1_MIV_RV32IMA_L1_AHB_ASYNC_RESET_REG_VEC_W1_I0_2_12, 1, 1, 0, 0, 0, 0, 0, 0, 0
.	.	.	.	.	.	.	.	. PROC_SUBSYSTEM_CONTROL_RISCV_1_MIV_RV32IMA_L1_AHB_ASYNC_RESET_REG_2_44, 1, 1, 0, 0, 0, 0, 0, 0, 0
.	.	.	.	.	.	.	. PROC_SUBSYSTEM_CONTROL_RISCV_1_MIV_RV32IMA_L1_AHB_ASYNC_RESET_REG_VEC_W1_I0_2_16, 1, 0, 0, 0, 0, 0, 0, 0, 0
.	.	.	.	.	.	.	.	. PROC_SUBSYSTEM_CONTROL_RISCV_1_MIV_RV32IMA_L1_AHB_ASYNC_RESET_REG_2_48, 1, 0, 0, 0, 0, 0, 0, 0, 0
.	.	.	.	.	.	.	. PROC_SUBSYSTEM_CONTROL_RISCV_1_MIV_RV32IMA_L1_AHB_ASYNC_RESET_SYNCHRONIZER_SHIFT_REG_W1_D3_I0_0_1, 3, 0, 0, 0, 0, 0, 0, 0, 0
.	.	.	.	.	.	.	.	. PROC_SUBSYSTEM_CONTROL_RISCV_1_MIV_RV32IMA_L1_AHB_ASYNC_RESET_REG_VEC_W1_I0_2_13, 1, 0, 0, 0, 0, 0, 0, 0, 0
.	.	.	.	.	.	.	.	.	. PROC_SUBSYSTEM_CONTROL_RISCV_1_MIV_RV32IMA_L1_AHB_ASYNC_RESET_REG_2_45, 1, 0, 0, 0, 0, 0, 0, 0, 0
.	.	.	.	.	.	.	.	. PROC_SUBSYSTEM_CONTROL_RISCV_1_MIV_RV32IMA_L1_AHB_ASYNC_RESET_REG_VEC_W1_I0_2_14, 1, 0, 0, 0, 0, 0, 0, 0, 0
.	.	.	.	.	.	.	.	.	. PROC_SUBSYSTEM_CONTROL_RISCV_1_MIV_RV32IMA_L1_AHB_ASYNC_RESET_REG_2_46, 1, 0, 0, 0, 0, 0, 0, 0, 0
.	.	.	.	.	.	.	.	. PROC_SUBSYSTEM_CONTROL_RISCV_1_MIV_RV32IMA_L1_AHB_ASYNC_RESET_REG_VEC_W1_I0_2_15, 1, 0, 0, 0, 0, 0, 0, 0, 0
.	.	.	.	.	.	.	.	.	. PROC_SUBSYSTEM_CONTROL_RISCV_1_MIV_RV32IMA_L1_AHB_ASYNC_RESET_REG_2_47, 1, 0, 0, 0, 0, 0, 0, 0, 0
.	.	.	.	.	.	.	. PROC_SUBSYSTEM_CONTROL_RISCV_1_MIV_RV32IMA_L1_AHB_ASYNC_VALID_SYNC_3_0, 4, 0, 0, 0, 0, 0, 0, 0, 0
.	.	.	.	.	.	.	.	. PROC_SUBSYSTEM_CONTROL_RISCV_1_MIV_RV32IMA_L1_AHB_ASYNC_RESET_SYNCHRONIZER_SHIFT_REG_W1_D4_I0_0_0, 4, 0, 0, 0, 0, 0, 0, 0, 0
.	.	.	.	.	.	.	.	.	. PROC_SUBSYSTEM_CONTROL_RISCV_1_MIV_RV32IMA_L1_AHB_ASYNC_RESET_REG_VEC_W1_I0_1_0, 1, 0, 0, 0, 0, 0, 0, 0, 0
.	.	.	.	.	.	.	.	.	.	. PROC_SUBSYSTEM_CONTROL_RISCV_1_MIV_RV32IMA_L1_AHB_ASYNC_RESET_REG_1_0, 1, 0, 0, 0, 0, 0, 0, 0, 0
.	.	.	.	.	.	.	.	.	. PROC_SUBSYSTEM_CONTROL_RISCV_1_MIV_RV32IMA_L1_AHB_ASYNC_RESET_REG_VEC_W1_I0_2_17, 1, 0, 0, 0, 0, 0, 0, 0, 0
.	.	.	.	.	.	.	.	.	.	. PROC_SUBSYSTEM_CONTROL_RISCV_1_MIV_RV32IMA_L1_AHB_ASYNC_RESET_REG_2_49, 1, 0, 0, 0, 0, 0, 0, 0, 0
.	.	.	.	.	.	.	.	.	. PROC_SUBSYSTEM_CONTROL_RISCV_1_MIV_RV32IMA_L1_AHB_ASYNC_RESET_REG_VEC_W1_I0_2_18, 1, 0, 0, 0, 0, 0, 0, 0, 0
.	.	.	.	.	.	.	.	.	.	. PROC_SUBSYSTEM_CONTROL_RISCV_1_MIV_RV32IMA_L1_AHB_ASYNC_RESET_REG_2_50, 1, 0, 0, 0, 0, 0, 0, 0, 0
.	.	.	.	.	.	.	.	.	. PROC_SUBSYSTEM_CONTROL_RISCV_1_MIV_RV32IMA_L1_AHB_ASYNC_RESET_REG_VEC_W1_I0_2_19, 1, 0, 0, 0, 0, 0, 0, 0, 0
.	.	.	.	.	.	.	.	.	.	. PROC_SUBSYSTEM_CONTROL_RISCV_1_MIV_RV32IMA_L1_AHB_ASYNC_RESET_REG_2_51, 1, 0, 0, 0, 0, 0, 0, 0, 0
.	.	.	.	.	.	.	. PROC_SUBSYSTEM_CONTROL_RISCV_1_MIV_RV32IMA_L1_AHB_ASYNC_VALID_SYNC_4_0, 0, 1, 0, 0, 0, 0, 0, 0, 0
.	.	.	.	.	.	.	.	. PROC_SUBSYSTEM_CONTROL_RISCV_1_MIV_RV32IMA_L1_AHB_ASYNC_RESET_SYNCHRONIZER_SHIFT_REG_W1_D1_I0_0_0, 0, 1, 0, 0, 0, 0, 0, 0, 0
.	.	.	.	.	.	.	.	.	. PROC_SUBSYSTEM_CONTROL_RISCV_1_MIV_RV32IMA_L1_AHB_ASYNC_RESET_REG_VEC_W1_I0_2_20, 0, 1, 0, 0, 0, 0, 0, 0, 0
.	.	.	.	.	.	.	.	.	.	. PROC_SUBSYSTEM_CONTROL_RISCV_1_MIV_RV32IMA_L1_AHB_ASYNC_RESET_REG_2_52, 0, 1, 0, 0, 0, 0, 0, 0, 0
.	.	.	.	.	.	.	. PROC_SUBSYSTEM_CONTROL_RISCV_1_MIV_RV32IMA_L1_AHB_ASYNC_VALID_SYNC_5_0, 2, 0, 0, 0, 0, 0, 0, 0, 0
.	.	.	.	.	.	.	.	. PROC_SUBSYSTEM_CONTROL_RISCV_1_MIV_RV32IMA_L1_AHB_ASYNC_RESET_SYNCHRONIZER_SHIFT_REG_W1_D3_I0_0_2, 2, 0, 0, 0, 0, 0, 0, 0, 0
.	.	.	.	.	.	.	.	.	. PROC_SUBSYSTEM_CONTROL_RISCV_1_MIV_RV32IMA_L1_AHB_ASYNC_RESET_REG_VEC_W1_I0_2_21, 1, 0, 0, 0, 0, 0, 0, 0, 0
.	.	.	.	.	.	.	.	.	.	. PROC_SUBSYSTEM_CONTROL_RISCV_1_MIV_RV32IMA_L1_AHB_ASYNC_RESET_REG_2_53, 1, 0, 0, 0, 0, 0, 0, 0, 0
.	.	.	.	.	.	.	.	.	. PROC_SUBSYSTEM_CONTROL_RISCV_1_MIV_RV32IMA_L1_AHB_ASYNC_RESET_REG_VEC_W1_I0_2_23, 1, 0, 0, 0, 0, 0, 0, 0, 0
.	.	.	.	.	.	.	.	.	.	. PROC_SUBSYSTEM_CONTROL_RISCV_1_MIV_RV32IMA_L1_AHB_ASYNC_RESET_REG_2_55, 1, 0, 0, 0, 0, 0, 0, 0, 0
.	.	.	.	.	.	.	. PROC_SUBSYSTEM_CONTROL_RISCV_1_MIV_RV32IMA_L1_AHB_SYNCHRONIZER_SHIFT_REG_W42_D1, 32, 0, 0, 0, 0, 0, 0, 0, 0
.	.	.	.	.	.	. PROC_SUBSYSTEM_CONTROL_RISCV_1_MIV_RV32IMA_L1_AHB_ASYNC_QUEUE_SOURCE, 46, 3, 0, 0, 0, 0, 0, 0, 0
.	.	.	.	.	.	.	. PROC_SUBSYSTEM_CONTROL_RISCV_1_MIV_RV32IMA_L1_AHB_ASYNC_RESET_REG_VEC_W1_I0_2_0, 1, 1, 0, 0, 0, 0, 0, 0, 0
.	.	.	.	.	.	.	.	. PROC_SUBSYSTEM_CONTROL_RISCV_1_MIV_RV32IMA_L1_AHB_ASYNC_RESET_REG_2_32, 1, 1, 0, 0, 0, 0, 0, 0, 0
.	.	.	.	.	.	.	. PROC_SUBSYSTEM_CONTROL_RISCV_1_MIV_RV32IMA_L1_AHB_ASYNC_RESET_REG_VEC_W1_I0_2_4, 1, 2, 0, 0, 0, 0, 0, 0, 0
.	.	.	.	.	.	.	.	. PROC_SUBSYSTEM_CONTROL_RISCV_1_MIV_RV32IMA_L1_AHB_ASYNC_RESET_REG_2_36, 1, 2, 0, 0, 0, 0, 0, 0, 0
.	.	.	.	.	.	.	. PROC_SUBSYSTEM_CONTROL_RISCV_1_MIV_RV32IMA_L1_AHB_ASYNC_RESET_SYNCHRONIZER_SHIFT_REG_W1_D3_I0_0, 3, 0, 0, 0, 0, 0, 0, 0, 0
.	.	.	.	.	.	.	.	. PROC_SUBSYSTEM_CONTROL_RISCV_1_MIV_RV32IMA_L1_AHB_ASYNC_RESET_REG_VEC_W1_I0_2_1, 1, 0, 0, 0, 0, 0, 0, 0, 0
.	.	.	.	.	.	.	.	.	. PROC_SUBSYSTEM_CONTROL_RISCV_1_MIV_RV32IMA_L1_AHB_ASYNC_RESET_REG_2_33, 1, 0, 0, 0, 0, 0, 0, 0, 0
.	.	.	.	.	.	.	.	. PROC_SUBSYSTEM_CONTROL_RISCV_1_MIV_RV32IMA_L1_AHB_ASYNC_RESET_REG_VEC_W1_I0_2_2, 1, 0, 0, 0, 0, 0, 0, 0, 0
.	.	.	.	.	.	.	.	.	. PROC_SUBSYSTEM_CONTROL_RISCV_1_MIV_RV32IMA_L1_AHB_ASYNC_RESET_REG_2_34, 1, 0, 0, 0, 0, 0, 0, 0, 0
.	.	.	.	.	.	.	.	. PROC_SUBSYSTEM_CONTROL_RISCV_1_MIV_RV32IMA_L1_AHB_ASYNC_RESET_REG_VEC_W1_I0_2_3, 1, 0, 0, 0, 0, 0, 0, 0, 0
.	.	.	.	.	.	.	.	.	. PROC_SUBSYSTEM_CONTROL_RISCV_1_MIV_RV32IMA_L1_AHB_ASYNC_RESET_REG_2_35, 1, 0, 0, 0, 0, 0, 0, 0, 0
.	.	.	.	.	. PROC_SUBSYSTEM_CONTROL_RISCV_1_MIV_RV32IMA_L1_AHB_TLDEBUG_MODULE_OUTER_DM_OUTER, 16, 38, 0, 0, 0, 0, 0, 0, 0
.	.	.	.	.	.	. PROC_SUBSYSTEM_CONTROL_RISCV_1_MIV_RV32IMA_L1_AHB_ASYNC_RESET_REG_VEC_W1_I0_2, 1, 0, 0, 0, 0, 0, 0, 0, 0
.	.	.	.	.	.	.	. PROC_SUBSYSTEM_CONTROL_RISCV_1_MIV_RV32IMA_L1_AHB_ASYNC_RESET_REG_2_31, 1, 0, 0, 0, 0, 0, 0, 0, 0
.	.	.	.	.	.	. PROC_SUBSYSTEM_CONTROL_RISCV_1_MIV_RV32IMA_L1_AHB_ASYNC_RESET_REG_VEC_W32_I0, 15, 16, 0, 0, 0, 0, 0, 0, 0
.	.	.	.	.	.	.	. PROC_SUBSYSTEM_CONTROL_RISCV_1_MIV_RV32IMA_L1_AHB_ASYNC_RESET_REG_2, 1, 2, 0, 0, 0, 0, 0, 0, 0
.	.	.	.	.	.	.	. PROC_SUBSYSTEM_CONTROL_RISCV_1_MIV_RV32IMA_L1_AHB_ASYNC_RESET_REG_2_0, 1, 0, 0, 0, 0, 0, 0, 0, 0
.	.	.	.	.	.	.	. PROC_SUBSYSTEM_CONTROL_RISCV_1_MIV_RV32IMA_L1_AHB_ASYNC_RESET_REG_2_15, 1, 2, 0, 0, 0, 0, 0, 0, 0
.	.	.	.	.	.	.	. PROC_SUBSYSTEM_CONTROL_RISCV_1_MIV_RV32IMA_L1_AHB_ASYNC_RESET_REG_2_16, 1, 0, 0, 0, 0, 0, 0, 0, 0
.	.	.	.	.	.	.	. PROC_SUBSYSTEM_CONTROL_RISCV_1_MIV_RV32IMA_L1_AHB_ASYNC_RESET_REG_2_17, 1, 2, 0, 0, 0, 0, 0, 0, 0
.	.	.	.	.	.	.	. PROC_SUBSYSTEM_CONTROL_RISCV_1_MIV_RV32IMA_L1_AHB_ASYNC_RESET_REG_2_18, 1, 0, 0, 0, 0, 0, 0, 0, 0
.	.	.	.	.	.	.	. PROC_SUBSYSTEM_CONTROL_RISCV_1_MIV_RV32IMA_L1_AHB_ASYNC_RESET_REG_2_19, 1, 2, 0, 0, 0, 0, 0, 0, 0
.	.	.	.	.	.	.	. PROC_SUBSYSTEM_CONTROL_RISCV_1_MIV_RV32IMA_L1_AHB_ASYNC_RESET_REG_2_20, 1, 0, 0, 0, 0, 0, 0, 0, 0
.	.	.	.	.	.	.	. PROC_SUBSYSTEM_CONTROL_RISCV_1_MIV_RV32IMA_L1_AHB_ASYNC_RESET_REG_2_21, 1, 0, 0, 0, 0, 0, 0, 0, 0
.	.	.	.	.	.	.	. PROC_SUBSYSTEM_CONTROL_RISCV_1_MIV_RV32IMA_L1_AHB_ASYNC_RESET_REG_2_22, 1, 2, 0, 0, 0, 0, 0, 0, 0
.	.	.	.	.	.	.	. PROC_SUBSYSTEM_CONTROL_RISCV_1_MIV_RV32IMA_L1_AHB_ASYNC_RESET_REG_2_23, 1, 2, 0, 0, 0, 0, 0, 0, 0
.	.	.	.	.	.	.	. PROC_SUBSYSTEM_CONTROL_RISCV_1_MIV_RV32IMA_L1_AHB_ASYNC_RESET_REG_2_24, 1, 0, 0, 0, 0, 0, 0, 0, 0
.	.	.	.	.	.	.	. PROC_SUBSYSTEM_CONTROL_RISCV_1_MIV_RV32IMA_L1_AHB_ASYNC_RESET_REG_2_27, 1, 2, 0, 0, 0, 0, 0, 0, 0
.	.	.	.	.	.	.	. PROC_SUBSYSTEM_CONTROL_RISCV_1_MIV_RV32IMA_L1_AHB_ASYNC_RESET_REG_2_29, 1, 2, 0, 0, 0, 0, 0, 0, 0
.	.	.	.	.	.	.	. PROC_SUBSYSTEM_CONTROL_RISCV_1_MIV_RV32IMA_L1_AHB_ASYNC_RESET_REG_2_30, 1, 0, 0, 0, 0, 0, 0, 0, 0
.	.	.	.	.	. PROC_SUBSYSTEM_CONTROL_RISCV_1_MIV_RV32IMA_L1_AHB_TLXBAR_DMI_XBAR, 1, 34, 0, 0, 0, 0, 0, 0, 0
.	.	.	. PROC_SUBSYSTEM_CONTROL_RISCV_1_MIV_RV32IMA_L1_AHB_TLERROR_ERROR, 41, 60, 31, 0, 0, 0, 0, 0, 0
.	.	.	.	. PROC_SUBSYSTEM_CONTROL_RISCV_1_MIV_RV32IMA_L1_AHB_QUEUE_18, 10, 2, 0, 0, 0, 0, 0, 0, 0
.	.	.	. PROC_SUBSYSTEM_CONTROL_RISCV_1_MIV_RV32IMA_L1_AHB_TLPLIC_PLIC, 142, 274, 0, 0, 0, 0, 0, 0, 0
.	.	.	.	. PROC_SUBSYSTEM_CONTROL_RISCV_1_MIV_RV32IMA_L1_AHB_LEVEL_GATEWAY, 1, 2, 0, 0, 0, 0, 0, 0, 0
.	.	.	.	. PROC_SUBSYSTEM_CONTROL_RISCV_1_MIV_RV32IMA_L1_AHB_LEVEL_GATEWAY_0, 1, 2, 0, 0, 0, 0, 0, 0, 0
.	.	.	.	. PROC_SUBSYSTEM_CONTROL_RISCV_1_MIV_RV32IMA_L1_AHB_QUEUE_10, 71, 13, 0, 0, 0, 0, 0, 0, 0
.	.	.	. PROC_SUBSYSTEM_CONTROL_RISCV_1_MIV_RV32IMA_L1_AHB_TLTO_AHB, 201, 205, 0, 0, 0, 0, 0, 0, 0
.	.	.	.	. PROC_SUBSYSTEM_CONTROL_RISCV_1_MIV_RV32IMA_L1_AHB_QUEUE_16_0, 83, 86, 0, 0, 0, 0, 0, 0, 0
.	.	.	. PROC_SUBSYSTEM_CONTROL_RISCV_1_MIV_RV32IMA_L1_AHB_TLTO_AHB_CONVERTER, 203, 239, 0, 0, 0, 0, 0, 0, 0
.	.	.	.	. PROC_SUBSYSTEM_CONTROL_RISCV_1_MIV_RV32IMA_L1_AHB_QUEUE_16, 83, 122, 0, 0, 0, 0, 0, 0, 0
.	. PROC_SUBSYSTEM_CoreAHBLite_0_CoreAHBLite_Z4, 113, 296, 0, 0, 0, 0, 0, 0, 0
.	.	. COREAHBLITE_MATRIX4X16_1_1_0_65792_65792_0_0_1s, 113, 296, 0, 0, 0, 0, 0, 0, 0
.	.	.	. COREAHBLITE_MASTERSTAGE_1_1_0_1s_0_1_0_12, 51, 74, 0, 0, 0, 0, 0, 0, 0
.	.	.	.	. COREAHBLITE_DEFAULTSLAVESM_1s_0_1_0, 1, 1, 0, 0, 0, 0, 0, 0, 0
.	.	.	. COREAHBLITE_MASTERSTAGE_1_1_0_1s_0_1_0_13, 54, 89, 0, 0, 0, 0, 0, 0, 0
.	.	.	.	. COREAHBLITE_DEFAULTSLAVESM_1s_0_1, 1, 3, 0, 0, 0, 0, 0, 0, 0
.	.	.	. COREAHBLITE_SLAVESTAGE_1s_0_0_1, 8, 133, 0, 0, 0, 0, 0, 0, 0
.	.	.	.	. COREAHBLITE_SLAVEARBITER_Z3_4_1, 6, 20, 0, 0, 0, 0, 0, 0, 0
.	. PROC_SUBSYSTEM_CoreAHBLite_1_CoreAHBLite_Z6, 56, 214, 0, 0, 0, 0, 0, 0, 0
.	.	. COREAHBLITE_MATRIX4X16_1_1_0_192_0_0_0_1s, 56, 214, 0, 0, 0, 0, 0, 0, 0
.	.	.	. COREAHBLITE_MASTERSTAGE_1_1_0_192_1s_0_1_0, 42, 119, 0, 0, 0, 0, 0, 0, 0
.	.	.	.	. COREAHBLITE_DEFAULTSLAVESM_1s_0_1_1, 1, 2, 0, 0, 0, 0, 0, 0, 0
.	.	.	. COREAHBLITE_SLAVESTAGE_1s_0_0, 8, 58, 0, 0, 0, 0, 0, 0, 0
.	.	.	.	. COREAHBLITE_SLAVEARBITER_Z3_3_0, 7, 23, 0, 0, 0, 0, 0, 0, 0
.	.	.	. COREAHBLITE_SLAVESTAGE_1s_0_0_4, 6, 37, 0, 0, 0, 0, 0, 0, 0
.	.	.	.	. COREAHBLITE_SLAVEARBITER_Z3_3, 5, 9, 0, 0, 0, 0, 0, 0, 0
.	. PROC_SUBSYSTEM_CoreAHBLite_2_CoreAHBLite_Z8, 39, 62, 0, 0, 0, 0, 0, 0, 0
.	.	. COREAHBLITE_MATRIX4X16_1_1_0_128_0_0_0_1s, 39, 62, 0, 0, 0, 0, 0, 0, 0
.	.	.	. COREAHBLITE_MASTERSTAGE_1_1_0_128_1s_0_1_0, 27, 30, 0, 0, 0, 0, 0, 0, 0
.	.	.	.	. COREAHBLITE_DEFAULTSLAVESM_1s_0_1_2, 1, 2, 0, 0, 0, 0, 0, 0, 0
.	.	.	. COREAHBLITE_SLAVESTAGE_1s_0_0_2, 12, 32, 0, 0, 0, 0, 0, 0, 0
.	.	.	.	. COREAHBLITE_SLAVEARBITER_Z3_3_1, 11, 16, 0, 0, 0, 0, 0, 0, 0
.	. PROC_SUBSYSTEM_CoreAHBLite_3_CoreAHBLite_Z10, 99, 245, 0, 0, 0, 0, 0, 0, 0
.	.	. COREAHBLITE_MATRIX4X16_1_1_0_256_256_0_0_1s, 99, 245, 0, 0, 0, 0, 0, 0, 0
.	.	.	. COREAHBLITE_MASTERSTAGE_1_1_0_1s_0_1_0_0, 54, 85, 0, 0, 0, 0, 0, 0, 0
.	.	.	.	. COREAHBLITE_DEFAULTSLAVESM_1s_0_1_4, 1, 4, 0, 0, 0, 0, 0, 0, 0
.	.	.	. COREAHBLITE_MASTERSTAGE_1_1_0_1s_0_1_0_1, 37, 24, 0, 0, 0, 0, 0, 0, 0
.	.	.	.	. COREAHBLITE_DEFAULTSLAVESM_1s_0_1_3, 1, 1, 0, 0, 0, 0, 0, 0, 0
.	.	.	. COREAHBLITE_SLAVESTAGE_1s_0_0_1_0, 8, 136, 0, 0, 0, 0, 0, 0, 0
.	.	.	.	. COREAHBLITE_SLAVEARBITER_Z3_4_1_0, 6, 19, 0, 0, 0, 0, 0, 0, 0
.	. PROC_SUBSYSTEM_CoreGPIO_0_CoreGPIO_Z16, 8, 1, 0, 0, 0, 0, 0, 0, 0
.	. PROC_SUBSYSTEM_CoreGPIO_1_CoreGPIO_Z17, 32, 1, 0, 0, 0, 0, 0, 0, 0
.	. PROC_SUBSYSTEM_CoreGPIO_App_RST_CoreGPIO_Z18, 1, 1, 0, 0, 0, 0, 0, 0, 0
.	. PROC_SUBSYSTEM_CoreGPIO_IN_CoreGPIO_Z19, 32, 14, 0, 0, 0, 0, 0, 0, 0
.	. PROC_SUBSYSTEM_CoreGPIO_OUT_CoreGPIO_Z20, 8, 1, 0, 0, 0, 0, 0, 0, 0
.	. PROC_SUBSYSTEM_CoreUARTapb_0_CoreUARTapb_Z23, 114, 154, 19, 0, 0, 0, 0, 0, 0
.	.	. PROC_SUBSYSTEM_CoreUARTapb_0_COREUART_0s_0s_0s_25s_0s_1s, 90, 129, 19, 0, 0, 0, 0, 0, 0
.	.	.	. PROC_SUBSYSTEM_CoreUARTapb_0_Clock_gen_0s_1s, 19, 12, 14, 0, 0, 0, 0, 0, 0
.	.	.	. PROC_SUBSYSTEM_CoreUARTapb_0_Rx_async_1s_0s_0s_1s_2s_3s, 41, 80, 0, 0, 0, 0, 0, 0, 0
.	.	.	. PROC_SUBSYSTEM_CoreUARTapb_0_Tx_async_1s_0s_0s_1s_2s_3s_4s_5s_6s, 21, 29, 5, 0, 0, 0, 0, 0, 0
.	. PROC_SUBSYSTEM_CoreUARTapb_1_CoreUARTapb_Z24, 114, 156, 19, 0, 0, 0, 0, 0, 0
.	.	. PROC_SUBSYSTEM_CoreUARTapb_1_COREUART_0s_0s_0s_25s_0s_1s, 90, 140, 19, 0, 0, 0, 0, 0, 0
.	.	.	. PROC_SUBSYSTEM_CoreUARTapb_1_Clock_gen_0s_1s, 19, 12, 14, 0, 0, 0, 0, 0, 0
.	.	.	. PROC_SUBSYSTEM_CoreUARTapb_1_Rx_async_1s_0s_0s_1s_2s_3s, 41, 93, 0, 0, 0, 0, 0, 0, 0
.	.	.	. PROC_SUBSYSTEM_CoreUARTapb_1_Tx_async_1s_0s_0s_1s_2s_3s_4s_5s_6s, 21, 29, 5, 0, 0, 0, 0, 0, 0
.	. PROC_SUBSYSTEM_RTG4FCCC_0_RTG4FCCC, 0, 0, 0, 0, 0, 0, 0, 2, 0
.	. reset_synchronizer_0s, 2, 1, 0, 0, 0, 0, 0, 1, 0