<?xml version="1.0" encoding="UTF-8" standalone="no" ?>
<?xml-stylesheet href="rptstyle.xsl" type="text/xsl" ?>
<doc>
<title>Global Net Report</title>
<text>Microsemi Corporation - Microsemi Libero Software Release v11.8 SP3 (Version 11.8.3.6)</text>
<text>Date: Wed Aug 08 12:57:59 2018
</text>
<section>
<name>Global Nets Information</name>
<table>
<header>
 <cell/>
 <cell> From </cell>
 <cell> GB Location </cell>
 <cell> Net Name </cell>
 <cell> Fanout </cell>
</header>
<row>
 <cell>1</cell>
 <cell>GBR[23] </cell>
 <cell>(743, 154)</cell>
 <cell>RTG4FCCC_0/GL0_INST/U0_gbs_1</cell>
 <cell>9880</cell>
</row>
<row>
 <cell>2</cell>
 <cell>GBL[23] </cell>
 <cell>(731, 154)</cell>
 <cell>RTG4FCCC_0/GL0_INST/U0_Y</cell>
 <cell>1378</cell>
</row>
<row>
 <cell>3</cell>
 <cell>GBR[19] </cell>
 <cell>(739, 154)</cell>
 <cell>COREJTAGDEBUG_0/tck_clkint/U0_Y</cell>
 <cell>296</cell>
</row>
<row>
 <cell>4</cell>
 <cell>GBR[21] </cell>
 <cell>(741, 154)</cell>
 <cell>COREJTAGDEBUG_1/tck_clkint/U0_Y</cell>
 <cell>296</cell>
</row>
<row>
 <cell>5</cell>
 <cell>GRESET </cell>
 <cell>(708, 155)</cell>
 <cell>COREBOOTSTRAP_0/BOOT_RESET/HRESETN_0</cell>
 <cell>294</cell>
</row>
<row>
 <cell>6</cell>
 <cell>GBL[22] </cell>
 <cell>(730, 154)</cell>
 <cell>RTG4FCCC_0/GL1_INST/U0_Y</cell>
 <cell>129</cell>
</row>
<row>
 <cell>7</cell>
 <cell>GBR[22] </cell>
 <cell>(742, 154)</cell>
 <cell>RTG4FCCC_0/GL1_INST/U0_gbs_1</cell>
 <cell>129</cell>
</row>
<row>
 <cell>8</cell>
 <cell>GBR[3] </cell>
 <cell>(735, 153)</cell>
 <cell>reset_synchronizer_0/genblk1_reset_sync_reg_RNI4565[1]/U0_gbs_1</cell>
 <cell>81</cell>
</row>
<row>
 <cell>9</cell>
 <cell>GBL[18] </cell>
 <cell>(726, 154)</cell>
 <cell>COREBOOTSTRAP_0/BOOT_RESET/HRESETN_RNI1O5B/U0_Y</cell>
 <cell>33</cell>
</row>
<row>
 <cell>10</cell>
 <cell>GBL[7] </cell>
 <cell>(727, 153)</cell>
 <cell>AND2_1_Y</cell>
 <cell>33</cell>
</row>
<row>
 <cell>11</cell>
 <cell>GBR[17] </cell>
 <cell>(737, 154)</cell>
 <cell>COREJTAGDEBUG_0/genblk1_udrck_clkint/U0_Y</cell>
 <cell>33</cell>
</row>
<row>
 <cell>12</cell>
 <cell>GBR[11] </cell>
 <cell>(743, 153)</cell>
 <cell>COREJTAGDEBUG_0_URSTB_OUT</cell>
 <cell>33</cell>
</row>
<row>
 <cell>13</cell>
 <cell>GBR[18] </cell>
 <cell>(738, 154)</cell>
 <cell>COREBOOTSTRAP_0/BOOT_RESET/HRESETN_RNI1O5B/U0_gbs_1</cell>
 <cell>8</cell>
</row>
<row>
 <cell>14</cell>
 <cell>GBL[3] </cell>
 <cell>(723, 153)</cell>
 <cell>reset_synchronizer_0_reset_sync</cell>
 <cell>1</cell>
</row>
</table>
<text></text>
</section>
<section>
<name>I/O to GB Connections</name>
<text>(none)</text>
</section>
<section>
<name>Fabric to GB Connections</name>
<table>
<header>
 <cell/>
 <cell> From </cell>
 <cell> From Location </cell>
 <cell> To </cell>
 <cell> Net Name </cell>
 <cell> Net Type </cell>
 <cell> Fanout </cell>
</header>
<row>
 <cell>1</cell>
 <cell>COREJTAGDEBUG_0/genblk1.UJ_JTAG_0/un1_duttck_inferred_clock_RNI1HH4:Y</cell>
 <cell>(1224, 168)</cell>
 <cell>GBR[19] </cell>
 <cell>COREJTAGDEBUG_0/un1_duttck_i_0</cell>
 <cell>ROUTED</cell>
 <cell>1</cell>
</row>
<row>
 <cell>2</cell>
 <cell>COREJTAGDEBUG_1/genblk1.UJ_JTAG_0/un6_duttck_inferred_clock_RNI7BB6:Y</cell>
 <cell>(1243, 165)</cell>
 <cell>GBR[21] </cell>
 <cell>COREJTAGDEBUG_1/un6_duttck_i_0</cell>
 <cell>ROUTED</cell>
 <cell>1</cell>
</row>
<row>
 <cell>3</cell>
 <cell>COREBOOTSTRAP_0/BOOT_RESET/HRESETN:Q</cell>
 <cell>(582, 283)</cell>
 <cell>GRESET </cell>
 <cell>COREBOOTSTRAP_0/BOOT_RESET/HRESETN_0_greset</cell>
 <cell>ROUTED</cell>
 <cell>3</cell>
</row>
<row>
 <cell>4</cell>
 <cell>reset_synchronizer_0/genblk1.reset_sync_reg[1]:Q</cell>
 <cell>(1178, 277)</cell>
 <cell>GBR[3] </cell>
 <cell>reset_synchronizer_0/reset_sync_reg[1]</cell>
 <cell>ROUTED</cell>
 <cell>1558</cell>
</row>
<row>
 <cell>5</cell>
 <cell>COREBOOTSTRAP_0/BOOT_RESET/HRESETN:Q</cell>
 <cell>(582, 283)</cell>
 <cell>GBL[18] </cell>
 <cell>COREBOOTSTRAP_0/BOOT_RESET/HRESETN_0_greset</cell>
 <cell>ROUTED</cell>
 <cell>3</cell>
</row>
<row>
 <cell>6</cell>
 <cell>AND2_1:Y</cell>
 <cell>(723, 273)</cell>
 <cell>GBL[7] </cell>
 <cell>AND2_1</cell>
 <cell>ROUTED</cell>
 <cell>1</cell>
</row>
<row>
 <cell>7</cell>
 <cell>COREJTAGDEBUG_0/genblk1.UJTAG_0/INST_UJTAG_IP:UDRCK</cell>
 <cell>(1489, 2)</cell>
 <cell>GBR[17] </cell>
 <cell>COREJTAGDEBUG_0/iUDRCK</cell>
 <cell>ROUTED</cell>
 <cell>3</cell>
</row>
<row>
 <cell>8</cell>
 <cell>COREJTAGDEBUG_0/genblk1.UJTAG_0/INST_UJTAG_IP:URSTB</cell>
 <cell>(1489, 2)</cell>
 <cell>GBR[11] </cell>
 <cell>COREJTAGDEBUG_0/UJTAG_0_URSTB</cell>
 <cell>ROUTED</cell>
 <cell>2</cell>
</row>
<row>
 <cell>9</cell>
 <cell>COREBOOTSTRAP_0/BOOT_RESET/HRESETN:Q</cell>
 <cell>(582, 283)</cell>
 <cell>GBR[18] </cell>
 <cell>COREBOOTSTRAP_0/BOOT_RESET/HRESETN_0_greset</cell>
 <cell>ROUTED</cell>
 <cell>3</cell>
</row>
<row>
 <cell>10</cell>
 <cell>reset_synchronizer_0/genblk1.reset_sync_reg[1]:Q</cell>
 <cell>(1178, 277)</cell>
 <cell>GBL[3] </cell>
 <cell>reset_synchronizer_0/reset_sync_reg[1]</cell>
 <cell>ROUTED</cell>
 <cell>1558</cell>
</row>
</table>
<text></text>
</section>
<section>
<name>CCC to GB Connections</name>
<table>
<header>
 <cell/>
 <cell> From </cell>
 <cell> From Location </cell>
 <cell>Pin Swapped for Back Annotation Only</cell>
 <cell> To </cell>
 <cell> Net Name </cell>
 <cell> Net Type </cell>
 <cell> Fanout </cell>
</header>
<row>
 <cell>1</cell>
 <cell>RTG4FCCC_0/CCC_INST/INST_CCC_IP:GL0</cell>
 <cell>CCC-SE0 (1524, 2)</cell>
 <cell>GL0 =&gt; GL3</cell>
 <cell>GBR[23] </cell>
 <cell>RTG4FCCC_0/GL0_net</cell>
 <cell>HARDWIRED</cell>
 <cell>2</cell>
</row>
<row>
 <cell>2</cell>
 <cell>RTG4FCCC_0/CCC_INST/INST_CCC_IP:GL0</cell>
 <cell>CCC-SE0 (1524, 2)</cell>
 <cell>GL0 =&gt; GL3</cell>
 <cell>GBL[23] </cell>
 <cell>RTG4FCCC_0/GL0_net</cell>
 <cell>HARDWIRED</cell>
 <cell>2</cell>
</row>
<row>
 <cell>3</cell>
 <cell>RTG4FCCC_0/CCC_INST/INST_CCC_IP:GL1</cell>
 <cell>CCC-SE0 (1524, 2)</cell>
 <cell>GL1 =&gt; GL2</cell>
 <cell>GBL[22] </cell>
 <cell>RTG4FCCC_0/GL1_net</cell>
 <cell>HARDWIRED</cell>
 <cell>2</cell>
</row>
<row>
 <cell>4</cell>
 <cell>RTG4FCCC_0/CCC_INST/INST_CCC_IP:GL1</cell>
 <cell>CCC-SE0 (1524, 2)</cell>
 <cell>GL1 =&gt; GL2</cell>
 <cell>GBR[22] </cell>
 <cell>RTG4FCCC_0/GL1_net</cell>
 <cell>HARDWIRED</cell>
 <cell>2</cell>
</row>
</table>
<text></text>
</section>
<section>
<name>CCC Input Connections</name>
<text>(none)</text>
</section>
<section>
<name>Local Clock Nets to RGB Connections</name>
<text>(none)</text>
</section>
<section>
<name>Local Reset Nets to RGRESET Connections</name>
<table>
<header>
 <cell/>
 <cell> From </cell>
 <cell> From Location </cell>
 <cell> Net Name </cell>
 <cell> Fanout </cell>
 <cell> </cell>
 <cell> RGRESET Location </cell>
 <cell> Local Fanout </cell>
</header>
<row>
 <cell>1</cell>
 <cell>AND2_0:Y</cell>
 <cell>(1473, 3)</cell>
 <cell>AND2_0_Y_2</cell>
 <cell>2</cell>
 <cell> </cell>
 <cell>(1166, 277)</cell>
 <cell>2</cell>
</row>
</table>
<text></text>
</section>
<section>
<name>Global Reset Nets to RGRESET Connections</name>
<table>
<header>
 <cell/>
 <cell> From </cell>
 <cell> From Location </cell>
 <cell> Net Name </cell>
 <cell> Fanout </cell>
 <cell> </cell>
 <cell> RGRESET Location </cell>
 <cell> Local Fanout </cell>
</header>
<row>
 <cell>1</cell>
 <cell>GRESET </cell>
 <cell>(708, 155)</cell>
 <cell>COREBOOTSTRAP_0/BOOT_RESET/HRESETN_0</cell>
 <cell>294</cell>
 <cell>1</cell>
 <cell>(1166, 160)</cell>
 <cell>18</cell>
</row>
<row>
 <cell> </cell>
 <cell></cell>
 <cell></cell>
 <cell></cell>
 <cell></cell>
 <cell>2</cell>
 <cell>(1166, 184)</cell>
 <cell>39</cell>
</row>
<row>
 <cell> </cell>
 <cell></cell>
 <cell></cell>
 <cell></cell>
 <cell></cell>
 <cell>3</cell>
 <cell>(1166, 187)</cell>
 <cell>9</cell>
</row>
<row>
 <cell> </cell>
 <cell></cell>
 <cell></cell>
 <cell></cell>
 <cell></cell>
 <cell>4</cell>
 <cell>(1166, 190)</cell>
 <cell>4</cell>
</row>
<row>
 <cell> </cell>
 <cell></cell>
 <cell></cell>
 <cell></cell>
 <cell></cell>
 <cell>5</cell>
 <cell>(1166, 196)</cell>
 <cell>34</cell>
</row>
<row>
 <cell> </cell>
 <cell></cell>
 <cell></cell>
 <cell></cell>
 <cell></cell>
 <cell>6</cell>
 <cell>(1166, 199)</cell>
 <cell>8</cell>
</row>
<row>
 <cell> </cell>
 <cell></cell>
 <cell></cell>
 <cell></cell>
 <cell></cell>
 <cell>7</cell>
 <cell>(1166, 205)</cell>
 <cell>22</cell>
</row>
<row>
 <cell> </cell>
 <cell></cell>
 <cell></cell>
 <cell></cell>
 <cell></cell>
 <cell>8</cell>
 <cell>(1166, 208)</cell>
 <cell>22</cell>
</row>
<row>
 <cell> </cell>
 <cell></cell>
 <cell></cell>
 <cell></cell>
 <cell></cell>
 <cell>9</cell>
 <cell>(1166, 211)</cell>
 <cell>1</cell>
</row>
<row>
 <cell> </cell>
 <cell></cell>
 <cell></cell>
 <cell></cell>
 <cell></cell>
 <cell>10</cell>
 <cell>(1166, 250)</cell>
 <cell>25</cell>
</row>
<row>
 <cell> </cell>
 <cell></cell>
 <cell></cell>
 <cell></cell>
 <cell></cell>
 <cell>11</cell>
 <cell>(1166, 253)</cell>
 <cell>24</cell>
</row>
<row>
 <cell> </cell>
 <cell></cell>
 <cell></cell>
 <cell></cell>
 <cell></cell>
 <cell>12</cell>
 <cell>(1166, 256)</cell>
 <cell>35</cell>
</row>
<row>
 <cell> </cell>
 <cell></cell>
 <cell></cell>
 <cell></cell>
 <cell></cell>
 <cell>13</cell>
 <cell>(1166, 259)</cell>
 <cell>18</cell>
</row>
<row>
 <cell> </cell>
 <cell></cell>
 <cell></cell>
 <cell></cell>
 <cell></cell>
 <cell>14</cell>
 <cell>(1166, 262)</cell>
 <cell>34</cell>
</row>
<row>
 <cell> </cell>
 <cell></cell>
 <cell></cell>
 <cell></cell>
 <cell></cell>
 <cell>15</cell>
 <cell>(1166, 265)</cell>
 <cell>1</cell>
</row>
<row>
 <cell>2</cell>
 <cell>GBR[3] </cell>
 <cell>(735, 153)</cell>
 <cell>reset_synchronizer_0/genblk1_reset_sync_reg_RNI4565[1]/U0_gbs_1</cell>
 <cell>81</cell>
 <cell>1</cell>
 <cell>(1166, 214)</cell>
 <cell>12</cell>
</row>
<row>
 <cell> </cell>
 <cell></cell>
 <cell></cell>
 <cell></cell>
 <cell></cell>
 <cell>2</cell>
 <cell>(1166, 217)</cell>
 <cell>22</cell>
</row>
<row>
 <cell> </cell>
 <cell></cell>
 <cell></cell>
 <cell></cell>
 <cell></cell>
 <cell>3</cell>
 <cell>(1166, 220)</cell>
 <cell>1</cell>
</row>
<row>
 <cell> </cell>
 <cell></cell>
 <cell></cell>
 <cell></cell>
 <cell></cell>
 <cell>4</cell>
 <cell>(1166, 247)</cell>
 <cell>6</cell>
</row>
<row>
 <cell> </cell>
 <cell></cell>
 <cell></cell>
 <cell></cell>
 <cell></cell>
 <cell>5</cell>
 <cell>(1166, 271)</cell>
 <cell>1</cell>
</row>
<row>
 <cell> </cell>
 <cell></cell>
 <cell></cell>
 <cell></cell>
 <cell></cell>
 <cell>6</cell>
 <cell>(1166, 283)</cell>
 <cell>5</cell>
</row>
<row>
 <cell> </cell>
 <cell></cell>
 <cell></cell>
 <cell></cell>
 <cell></cell>
 <cell>7</cell>
 <cell>(1166, 286)</cell>
 <cell>20</cell>
</row>
<row>
 <cell> </cell>
 <cell></cell>
 <cell></cell>
 <cell></cell>
 <cell></cell>
 <cell>8</cell>
 <cell>(1166, 289)</cell>
 <cell>14</cell>
</row>
<row>
 <cell>3</cell>
 <cell>GBL[7] </cell>
 <cell>(727, 153)</cell>
 <cell>AND2_1_Y</cell>
 <cell>33</cell>
 <cell>1</cell>
 <cell>(362, 283)</cell>
 <cell>2</cell>
</row>
<row>
 <cell> </cell>
 <cell></cell>
 <cell></cell>
 <cell></cell>
 <cell></cell>
 <cell>2</cell>
 <cell>(362, 286)</cell>
 <cell>31</cell>
</row>
<row>
 <cell>4</cell>
 <cell>GBR[11] </cell>
 <cell>(743, 153)</cell>
 <cell>COREJTAGDEBUG_0_URSTB_OUT</cell>
 <cell>33</cell>
 <cell>1</cell>
 <cell>(1166, 163)</cell>
 <cell>8</cell>
</row>
<row>
 <cell> </cell>
 <cell></cell>
 <cell></cell>
 <cell></cell>
 <cell></cell>
 <cell>2</cell>
 <cell>(1166, 169)</cell>
 <cell>23</cell>
</row>
<row>
 <cell> </cell>
 <cell></cell>
 <cell></cell>
 <cell></cell>
 <cell></cell>
 <cell>3</cell>
 <cell>(1166, 172)</cell>
 <cell>2</cell>
</row>
<row>
 <cell>5</cell>
 <cell>GBL[3] </cell>
 <cell>(723, 153)</cell>
 <cell>reset_synchronizer_0_reset_sync</cell>
 <cell>1</cell>
 <cell> </cell>
 <cell>(362, 262)</cell>
 <cell>1</cell>
</row>
</table>
<text></text>
</section>
<section>
<name>Global Clock Nets to RGB Connections</name>
<table>
<header>
 <cell/>
 <cell> From </cell>
 <cell> From Location </cell>
 <cell> Net Name </cell>
 <cell> Fanout </cell>
 <cell> </cell>
 <cell> RGB Location </cell>
 <cell> Local Fanout </cell>
</header>
<row>
 <cell>1</cell>
 <cell>GBR[23] </cell>
 <cell>(743, 154)</cell>
 <cell>RTG4FCCC_0/GL0_INST/U0_gbs_1</cell>
 <cell>9880</cell>
 <cell>1</cell>
 <cell>(1173, 111)</cell>
 <cell>9</cell>
</row>
<row>
 <cell> </cell>
 <cell></cell>
 <cell></cell>
 <cell></cell>
 <cell></cell>
 <cell>2</cell>
 <cell>(1173, 114)</cell>
 <cell>13</cell>
</row>
<row>
 <cell> </cell>
 <cell></cell>
 <cell></cell>
 <cell></cell>
 <cell></cell>
 <cell>3</cell>
 <cell>(1173, 117)</cell>
 <cell>17</cell>
</row>
<row>
 <cell> </cell>
 <cell></cell>
 <cell></cell>
 <cell></cell>
 <cell></cell>
 <cell>4</cell>
 <cell>(1173, 120)</cell>
 <cell>42</cell>
</row>
<row>
 <cell> </cell>
 <cell></cell>
 <cell></cell>
 <cell></cell>
 <cell></cell>
 <cell>5</cell>
 <cell>(1173, 123)</cell>
 <cell>2</cell>
</row>
<row>
 <cell> </cell>
 <cell></cell>
 <cell></cell>
 <cell></cell>
 <cell></cell>
 <cell>6</cell>
 <cell>(1173, 126)</cell>
 <cell>26</cell>
</row>
<row>
 <cell> </cell>
 <cell></cell>
 <cell></cell>
 <cell></cell>
 <cell></cell>
 <cell>7</cell>
 <cell>(1173, 129)</cell>
 <cell>20</cell>
</row>
<row>
 <cell> </cell>
 <cell></cell>
 <cell></cell>
 <cell></cell>
 <cell></cell>
 <cell>8</cell>
 <cell>(1173, 132)</cell>
 <cell>10</cell>
</row>
<row>
 <cell> </cell>
 <cell></cell>
 <cell></cell>
 <cell></cell>
 <cell></cell>
 <cell>9</cell>
 <cell>(1173, 135)</cell>
 <cell>2</cell>
</row>
<row>
 <cell> </cell>
 <cell></cell>
 <cell></cell>
 <cell></cell>
 <cell></cell>
 <cell>10</cell>
 <cell>(1173, 138)</cell>
 <cell>4</cell>
</row>
<row>
 <cell> </cell>
 <cell></cell>
 <cell></cell>
 <cell></cell>
 <cell></cell>
 <cell>11</cell>
 <cell>(1173, 141)</cell>
 <cell>12</cell>
</row>
<row>
 <cell> </cell>
 <cell></cell>
 <cell></cell>
 <cell></cell>
 <cell></cell>
 <cell>12</cell>
 <cell>(1173, 144)</cell>
 <cell>21</cell>
</row>
<row>
 <cell> </cell>
 <cell></cell>
 <cell></cell>
 <cell></cell>
 <cell></cell>
 <cell>13</cell>
 <cell>(1173, 147)</cell>
 <cell>7</cell>
</row>
<row>
 <cell> </cell>
 <cell></cell>
 <cell></cell>
 <cell></cell>
 <cell></cell>
 <cell>14</cell>
 <cell>(1173, 150)</cell>
 <cell>7</cell>
</row>
<row>
 <cell> </cell>
 <cell></cell>
 <cell></cell>
 <cell></cell>
 <cell></cell>
 <cell>15</cell>
 <cell>(1173, 156)</cell>
 <cell>18</cell>
</row>
<row>
 <cell> </cell>
 <cell></cell>
 <cell></cell>
 <cell></cell>
 <cell></cell>
 <cell>16</cell>
 <cell>(1173, 159)</cell>
 <cell>61</cell>
</row>
<row>
 <cell> </cell>
 <cell></cell>
 <cell></cell>
 <cell></cell>
 <cell></cell>
 <cell>17</cell>
 <cell>(1173, 162)</cell>
 <cell>73</cell>
</row>
<row>
 <cell> </cell>
 <cell></cell>
 <cell></cell>
 <cell></cell>
 <cell></cell>
 <cell>18</cell>
 <cell>(1173, 165)</cell>
 <cell>75</cell>
</row>
<row>
 <cell> </cell>
 <cell></cell>
 <cell></cell>
 <cell></cell>
 <cell></cell>
 <cell>19</cell>
 <cell>(1173, 168)</cell>
 <cell>88</cell>
</row>
<row>
 <cell> </cell>
 <cell></cell>
 <cell></cell>
 <cell></cell>
 <cell></cell>
 <cell>20</cell>
 <cell>(1173, 171)</cell>
 <cell>71</cell>
</row>
<row>
 <cell> </cell>
 <cell></cell>
 <cell></cell>
 <cell></cell>
 <cell></cell>
 <cell>21</cell>
 <cell>(1173, 174)</cell>
 <cell>78</cell>
</row>
<row>
 <cell> </cell>
 <cell></cell>
 <cell></cell>
 <cell></cell>
 <cell></cell>
 <cell>22</cell>
 <cell>(1173, 177)</cell>
 <cell>35</cell>
</row>
<row>
 <cell> </cell>
 <cell></cell>
 <cell></cell>
 <cell></cell>
 <cell></cell>
 <cell>23</cell>
 <cell>(1173, 180)</cell>
 <cell>78</cell>
</row>
<row>
 <cell> </cell>
 <cell></cell>
 <cell></cell>
 <cell></cell>
 <cell></cell>
 <cell>24</cell>
 <cell>(1173, 183)</cell>
 <cell>96</cell>
</row>
<row>
 <cell> </cell>
 <cell></cell>
 <cell></cell>
 <cell></cell>
 <cell></cell>
 <cell>25</cell>
 <cell>(1173, 186)</cell>
 <cell>70</cell>
</row>
<row>
 <cell> </cell>
 <cell></cell>
 <cell></cell>
 <cell></cell>
 <cell></cell>
 <cell>26</cell>
 <cell>(1173, 189)</cell>
 <cell>52</cell>
</row>
<row>
 <cell> </cell>
 <cell></cell>
 <cell></cell>
 <cell></cell>
 <cell></cell>
 <cell>27</cell>
 <cell>(1173, 192)</cell>
 <cell>82</cell>
</row>
<row>
 <cell> </cell>
 <cell></cell>
 <cell></cell>
 <cell></cell>
 <cell></cell>
 <cell>28</cell>
 <cell>(1173, 195)</cell>
 <cell>87</cell>
</row>
<row>
 <cell> </cell>
 <cell></cell>
 <cell></cell>
 <cell></cell>
 <cell></cell>
 <cell>29</cell>
 <cell>(1173, 198)</cell>
 <cell>131</cell>
</row>
<row>
 <cell> </cell>
 <cell></cell>
 <cell></cell>
 <cell></cell>
 <cell></cell>
 <cell>30</cell>
 <cell>(1173, 201)</cell>
 <cell>96</cell>
</row>
<row>
 <cell> </cell>
 <cell></cell>
 <cell></cell>
 <cell></cell>
 <cell></cell>
 <cell>31</cell>
 <cell>(1173, 204)</cell>
 <cell>209</cell>
</row>
<row>
 <cell> </cell>
 <cell></cell>
 <cell></cell>
 <cell></cell>
 <cell></cell>
 <cell>32</cell>
 <cell>(1173, 207)</cell>
 <cell>161</cell>
</row>
<row>
 <cell> </cell>
 <cell></cell>
 <cell></cell>
 <cell></cell>
 <cell></cell>
 <cell>33</cell>
 <cell>(1173, 210)</cell>
 <cell>195</cell>
</row>
<row>
 <cell> </cell>
 <cell></cell>
 <cell></cell>
 <cell></cell>
 <cell></cell>
 <cell>34</cell>
 <cell>(1173, 213)</cell>
 <cell>192</cell>
</row>
<row>
 <cell> </cell>
 <cell></cell>
 <cell></cell>
 <cell></cell>
 <cell></cell>
 <cell>35</cell>
 <cell>(1173, 216)</cell>
 <cell>167</cell>
</row>
<row>
 <cell> </cell>
 <cell></cell>
 <cell></cell>
 <cell></cell>
 <cell></cell>
 <cell>36</cell>
 <cell>(1173, 219)</cell>
 <cell>180</cell>
</row>
<row>
 <cell> </cell>
 <cell></cell>
 <cell></cell>
 <cell></cell>
 <cell></cell>
 <cell>37</cell>
 <cell>(1173, 222)</cell>
 <cell>205</cell>
</row>
<row>
 <cell> </cell>
 <cell></cell>
 <cell></cell>
 <cell></cell>
 <cell></cell>
 <cell>38</cell>
 <cell>(1173, 225)</cell>
 <cell>226</cell>
</row>
<row>
 <cell> </cell>
 <cell></cell>
 <cell></cell>
 <cell></cell>
 <cell></cell>
 <cell>39</cell>
 <cell>(1173, 228)</cell>
 <cell>224</cell>
</row>
<row>
 <cell> </cell>
 <cell></cell>
 <cell></cell>
 <cell></cell>
 <cell></cell>
 <cell>40</cell>
 <cell>(1173, 231)</cell>
 <cell>243</cell>
</row>
<row>
 <cell> </cell>
 <cell></cell>
 <cell></cell>
 <cell></cell>
 <cell></cell>
 <cell>41</cell>
 <cell>(1173, 234)</cell>
 <cell>139</cell>
</row>
<row>
 <cell> </cell>
 <cell></cell>
 <cell></cell>
 <cell></cell>
 <cell></cell>
 <cell>42</cell>
 <cell>(1173, 237)</cell>
 <cell>275</cell>
</row>
<row>
 <cell> </cell>
 <cell></cell>
 <cell></cell>
 <cell></cell>
 <cell></cell>
 <cell>43</cell>
 <cell>(1173, 240)</cell>
 <cell>212</cell>
</row>
<row>
 <cell> </cell>
 <cell></cell>
 <cell></cell>
 <cell></cell>
 <cell></cell>
 <cell>44</cell>
 <cell>(1173, 243)</cell>
 <cell>260</cell>
</row>
<row>
 <cell> </cell>
 <cell></cell>
 <cell></cell>
 <cell></cell>
 <cell></cell>
 <cell>45</cell>
 <cell>(1173, 246)</cell>
 <cell>240</cell>
</row>
<row>
 <cell> </cell>
 <cell></cell>
 <cell></cell>
 <cell></cell>
 <cell></cell>
 <cell>46</cell>
 <cell>(1173, 249)</cell>
 <cell>309</cell>
</row>
<row>
 <cell> </cell>
 <cell></cell>
 <cell></cell>
 <cell></cell>
 <cell></cell>
 <cell>47</cell>
 <cell>(1173, 252)</cell>
 <cell>448</cell>
</row>
<row>
 <cell> </cell>
 <cell></cell>
 <cell></cell>
 <cell></cell>
 <cell></cell>
 <cell>48</cell>
 <cell>(1173, 255)</cell>
 <cell>431</cell>
</row>
<row>
 <cell> </cell>
 <cell></cell>
 <cell></cell>
 <cell></cell>
 <cell></cell>
 <cell>49</cell>
 <cell>(1173, 258)</cell>
 <cell>377</cell>
</row>
<row>
 <cell> </cell>
 <cell></cell>
 <cell></cell>
 <cell></cell>
 <cell></cell>
 <cell>50</cell>
 <cell>(1173, 261)</cell>
 <cell>430</cell>
</row>
<row>
 <cell> </cell>
 <cell></cell>
 <cell></cell>
 <cell></cell>
 <cell></cell>
 <cell>51</cell>
 <cell>(1173, 264)</cell>
 <cell>325</cell>
</row>
<row>
 <cell> </cell>
 <cell></cell>
 <cell></cell>
 <cell></cell>
 <cell></cell>
 <cell>52</cell>
 <cell>(1173, 267)</cell>
 <cell>261</cell>
</row>
<row>
 <cell> </cell>
 <cell></cell>
 <cell></cell>
 <cell></cell>
 <cell></cell>
 <cell>53</cell>
 <cell>(1173, 270)</cell>
 <cell>180</cell>
</row>
<row>
 <cell> </cell>
 <cell></cell>
 <cell></cell>
 <cell></cell>
 <cell></cell>
 <cell>54</cell>
 <cell>(1173, 273)</cell>
 <cell>221</cell>
</row>
<row>
 <cell> </cell>
 <cell></cell>
 <cell></cell>
 <cell></cell>
 <cell></cell>
 <cell>55</cell>
 <cell>(1173, 276)</cell>
 <cell>284</cell>
</row>
<row>
 <cell> </cell>
 <cell></cell>
 <cell></cell>
 <cell></cell>
 <cell></cell>
 <cell>56</cell>
 <cell>(1173, 279)</cell>
 <cell>254</cell>
</row>
<row>
 <cell> </cell>
 <cell></cell>
 <cell></cell>
 <cell></cell>
 <cell></cell>
 <cell>57</cell>
 <cell>(1173, 282)</cell>
 <cell>302</cell>
</row>
<row>
 <cell> </cell>
 <cell></cell>
 <cell></cell>
 <cell></cell>
 <cell></cell>
 <cell>58</cell>
 <cell>(1173, 285)</cell>
 <cell>309</cell>
</row>
<row>
 <cell> </cell>
 <cell></cell>
 <cell></cell>
 <cell></cell>
 <cell></cell>
 <cell>59</cell>
 <cell>(1173, 288)</cell>
 <cell>188</cell>
</row>
<row>
 <cell> </cell>
 <cell></cell>
 <cell></cell>
 <cell></cell>
 <cell></cell>
 <cell>60</cell>
 <cell>(1173, 291)</cell>
 <cell>218</cell>
</row>
<row>
 <cell> </cell>
 <cell></cell>
 <cell></cell>
 <cell></cell>
 <cell></cell>
 <cell>61</cell>
 <cell>(1173, 294)</cell>
 <cell>124</cell>
</row>
<row>
 <cell> </cell>
 <cell></cell>
 <cell></cell>
 <cell></cell>
 <cell></cell>
 <cell>62</cell>
 <cell>(1173, 297)</cell>
 <cell>220</cell>
</row>
<row>
 <cell> </cell>
 <cell></cell>
 <cell></cell>
 <cell></cell>
 <cell></cell>
 <cell>63</cell>
 <cell>(1173, 300)</cell>
 <cell>232</cell>
</row>
<row>
 <cell> </cell>
 <cell></cell>
 <cell></cell>
 <cell></cell>
 <cell></cell>
 <cell>64</cell>
 <cell>(1173, 303)</cell>
 <cell>188</cell>
</row>
<row>
 <cell> </cell>
 <cell></cell>
 <cell></cell>
 <cell></cell>
 <cell></cell>
 <cell>65</cell>
 <cell>(1173, 306)</cell>
 <cell>68</cell>
</row>
<row>
 <cell>2</cell>
 <cell>GBL[23] </cell>
 <cell>(731, 154)</cell>
 <cell>RTG4FCCC_0/GL0_INST/U0_Y</cell>
 <cell>1378</cell>
 <cell>1</cell>
 <cell>(369, 198)</cell>
 <cell>1</cell>
</row>
<row>
 <cell> </cell>
 <cell></cell>
 <cell></cell>
 <cell></cell>
 <cell></cell>
 <cell>2</cell>
 <cell>(369, 201)</cell>
 <cell>10</cell>
</row>
<row>
 <cell> </cell>
 <cell></cell>
 <cell></cell>
 <cell></cell>
 <cell></cell>
 <cell>3</cell>
 <cell>(369, 204)</cell>
 <cell>14</cell>
</row>
<row>
 <cell> </cell>
 <cell></cell>
 <cell></cell>
 <cell></cell>
 <cell></cell>
 <cell>4</cell>
 <cell>(369, 207)</cell>
 <cell>42</cell>
</row>
<row>
 <cell> </cell>
 <cell></cell>
 <cell></cell>
 <cell></cell>
 <cell></cell>
 <cell>5</cell>
 <cell>(369, 210)</cell>
 <cell>11</cell>
</row>
<row>
 <cell> </cell>
 <cell></cell>
 <cell></cell>
 <cell></cell>
 <cell></cell>
 <cell>6</cell>
 <cell>(369, 213)</cell>
 <cell>5</cell>
</row>
<row>
 <cell> </cell>
 <cell></cell>
 <cell></cell>
 <cell></cell>
 <cell></cell>
 <cell>7</cell>
 <cell>(369, 216)</cell>
 <cell>12</cell>
</row>
<row>
 <cell> </cell>
 <cell></cell>
 <cell></cell>
 <cell></cell>
 <cell></cell>
 <cell>8</cell>
 <cell>(369, 219)</cell>
 <cell>8</cell>
</row>
<row>
 <cell> </cell>
 <cell></cell>
 <cell></cell>
 <cell></cell>
 <cell></cell>
 <cell>9</cell>
 <cell>(369, 222)</cell>
 <cell>11</cell>
</row>
<row>
 <cell> </cell>
 <cell></cell>
 <cell></cell>
 <cell></cell>
 <cell></cell>
 <cell>10</cell>
 <cell>(369, 228)</cell>
 <cell>17</cell>
</row>
<row>
 <cell> </cell>
 <cell></cell>
 <cell></cell>
 <cell></cell>
 <cell></cell>
 <cell>11</cell>
 <cell>(369, 231)</cell>
 <cell>53</cell>
</row>
<row>
 <cell> </cell>
 <cell></cell>
 <cell></cell>
 <cell></cell>
 <cell></cell>
 <cell>12</cell>
 <cell>(369, 234)</cell>
 <cell>69</cell>
</row>
<row>
 <cell> </cell>
 <cell></cell>
 <cell></cell>
 <cell></cell>
 <cell></cell>
 <cell>13</cell>
 <cell>(369, 237)</cell>
 <cell>50</cell>
</row>
<row>
 <cell> </cell>
 <cell></cell>
 <cell></cell>
 <cell></cell>
 <cell></cell>
 <cell>14</cell>
 <cell>(369, 240)</cell>
 <cell>60</cell>
</row>
<row>
 <cell> </cell>
 <cell></cell>
 <cell></cell>
 <cell></cell>
 <cell></cell>
 <cell>15</cell>
 <cell>(369, 243)</cell>
 <cell>55</cell>
</row>
<row>
 <cell> </cell>
 <cell></cell>
 <cell></cell>
 <cell></cell>
 <cell></cell>
 <cell>16</cell>
 <cell>(369, 246)</cell>
 <cell>57</cell>
</row>
<row>
 <cell> </cell>
 <cell></cell>
 <cell></cell>
 <cell></cell>
 <cell></cell>
 <cell>17</cell>
 <cell>(369, 249)</cell>
 <cell>84</cell>
</row>
<row>
 <cell> </cell>
 <cell></cell>
 <cell></cell>
 <cell></cell>
 <cell></cell>
 <cell>18</cell>
 <cell>(369, 252)</cell>
 <cell>85</cell>
</row>
<row>
 <cell> </cell>
 <cell></cell>
 <cell></cell>
 <cell></cell>
 <cell></cell>
 <cell>19</cell>
 <cell>(369, 255)</cell>
 <cell>69</cell>
</row>
<row>
 <cell> </cell>
 <cell></cell>
 <cell></cell>
 <cell></cell>
 <cell></cell>
 <cell>20</cell>
 <cell>(369, 258)</cell>
 <cell>93</cell>
</row>
<row>
 <cell> </cell>
 <cell></cell>
 <cell></cell>
 <cell></cell>
 <cell></cell>
 <cell>21</cell>
 <cell>(369, 261)</cell>
 <cell>79</cell>
</row>
<row>
 <cell> </cell>
 <cell></cell>
 <cell></cell>
 <cell></cell>
 <cell></cell>
 <cell>22</cell>
 <cell>(369, 264)</cell>
 <cell>70</cell>
</row>
<row>
 <cell> </cell>
 <cell></cell>
 <cell></cell>
 <cell></cell>
 <cell></cell>
 <cell>23</cell>
 <cell>(369, 267)</cell>
 <cell>111</cell>
</row>
<row>
 <cell> </cell>
 <cell></cell>
 <cell></cell>
 <cell></cell>
 <cell></cell>
 <cell>24</cell>
 <cell>(369, 270)</cell>
 <cell>74</cell>
</row>
<row>
 <cell> </cell>
 <cell></cell>
 <cell></cell>
 <cell></cell>
 <cell></cell>
 <cell>25</cell>
 <cell>(369, 273)</cell>
 <cell>52</cell>
</row>
<row>
 <cell> </cell>
 <cell></cell>
 <cell></cell>
 <cell></cell>
 <cell></cell>
 <cell>26</cell>
 <cell>(369, 276)</cell>
 <cell>27</cell>
</row>
<row>
 <cell> </cell>
 <cell></cell>
 <cell></cell>
 <cell></cell>
 <cell></cell>
 <cell>27</cell>
 <cell>(369, 279)</cell>
 <cell>48</cell>
</row>
<row>
 <cell> </cell>
 <cell></cell>
 <cell></cell>
 <cell></cell>
 <cell></cell>
 <cell>28</cell>
 <cell>(369, 282)</cell>
 <cell>28</cell>
</row>
<row>
 <cell> </cell>
 <cell></cell>
 <cell></cell>
 <cell></cell>
 <cell></cell>
 <cell>29</cell>
 <cell>(369, 285)</cell>
 <cell>45</cell>
</row>
<row>
 <cell> </cell>
 <cell></cell>
 <cell></cell>
 <cell></cell>
 <cell></cell>
 <cell>30</cell>
 <cell>(369, 288)</cell>
 <cell>7</cell>
</row>
<row>
 <cell> </cell>
 <cell></cell>
 <cell></cell>
 <cell></cell>
 <cell></cell>
 <cell>31</cell>
 <cell>(369, 291)</cell>
 <cell>25</cell>
</row>
<row>
 <cell> </cell>
 <cell></cell>
 <cell></cell>
 <cell></cell>
 <cell></cell>
 <cell>32</cell>
 <cell>(369, 294)</cell>
 <cell>6</cell>
</row>
<row>
 <cell>3</cell>
 <cell>GBR[19] </cell>
 <cell>(739, 154)</cell>
 <cell>COREJTAGDEBUG_0/tck_clkint/U0_Y</cell>
 <cell>296</cell>
 <cell>1</cell>
 <cell>(1169, 189)</cell>
 <cell>25</cell>
</row>
<row>
 <cell> </cell>
 <cell></cell>
 <cell></cell>
 <cell></cell>
 <cell></cell>
 <cell>2</cell>
 <cell>(1169, 192)</cell>
 <cell>23</cell>
</row>
<row>
 <cell> </cell>
 <cell></cell>
 <cell></cell>
 <cell></cell>
 <cell></cell>
 <cell>3</cell>
 <cell>(1169, 195)</cell>
 <cell>39</cell>
</row>
<row>
 <cell> </cell>
 <cell></cell>
 <cell></cell>
 <cell></cell>
 <cell></cell>
 <cell>4</cell>
 <cell>(1169, 198)</cell>
 <cell>41</cell>
</row>
<row>
 <cell> </cell>
 <cell></cell>
 <cell></cell>
 <cell></cell>
 <cell></cell>
 <cell>5</cell>
 <cell>(1169, 201)</cell>
 <cell>64</cell>
</row>
<row>
 <cell> </cell>
 <cell></cell>
 <cell></cell>
 <cell></cell>
 <cell></cell>
 <cell>6</cell>
 <cell>(1169, 204)</cell>
 <cell>60</cell>
</row>
<row>
 <cell> </cell>
 <cell></cell>
 <cell></cell>
 <cell></cell>
 <cell></cell>
 <cell>7</cell>
 <cell>(1169, 207)</cell>
 <cell>36</cell>
</row>
<row>
 <cell> </cell>
 <cell></cell>
 <cell></cell>
 <cell></cell>
 <cell></cell>
 <cell>8</cell>
 <cell>(1169, 210)</cell>
 <cell>2</cell>
</row>
<row>
 <cell> </cell>
 <cell></cell>
 <cell></cell>
 <cell></cell>
 <cell></cell>
 <cell>9</cell>
 <cell>(1169, 216)</cell>
 <cell>1</cell>
</row>
<row>
 <cell> </cell>
 <cell></cell>
 <cell></cell>
 <cell></cell>
 <cell></cell>
 <cell>10</cell>
 <cell>(1169, 222)</cell>
 <cell>1</cell>
</row>
<row>
 <cell> </cell>
 <cell></cell>
 <cell></cell>
 <cell></cell>
 <cell></cell>
 <cell>11</cell>
 <cell>(1169, 234)</cell>
 <cell>4</cell>
</row>
<row>
 <cell>4</cell>
 <cell>GBR[21] </cell>
 <cell>(741, 154)</cell>
 <cell>COREJTAGDEBUG_1/tck_clkint/U0_Y</cell>
 <cell>296</cell>
 <cell>1</cell>
 <cell>(1171, 159)</cell>
 <cell>30</cell>
</row>
<row>
 <cell> </cell>
 <cell></cell>
 <cell></cell>
 <cell></cell>
 <cell></cell>
 <cell>2</cell>
 <cell>(1171, 162)</cell>
 <cell>18</cell>
</row>
<row>
 <cell> </cell>
 <cell></cell>
 <cell></cell>
 <cell></cell>
 <cell></cell>
 <cell>3</cell>
 <cell>(1171, 165)</cell>
 <cell>50</cell>
</row>
<row>
 <cell> </cell>
 <cell></cell>
 <cell></cell>
 <cell></cell>
 <cell></cell>
 <cell>4</cell>
 <cell>(1171, 168)</cell>
 <cell>56</cell>
</row>
<row>
 <cell> </cell>
 <cell></cell>
 <cell></cell>
 <cell></cell>
 <cell></cell>
 <cell>5</cell>
 <cell>(1171, 171)</cell>
 <cell>86</cell>
</row>
<row>
 <cell> </cell>
 <cell></cell>
 <cell></cell>
 <cell></cell>
 <cell></cell>
 <cell>6</cell>
 <cell>(1171, 174)</cell>
 <cell>40</cell>
</row>
<row>
 <cell> </cell>
 <cell></cell>
 <cell></cell>
 <cell></cell>
 <cell></cell>
 <cell>7</cell>
 <cell>(1171, 177)</cell>
 <cell>12</cell>
</row>
<row>
 <cell> </cell>
 <cell></cell>
 <cell></cell>
 <cell></cell>
 <cell></cell>
 <cell>8</cell>
 <cell>(1171, 237)</cell>
 <cell>3</cell>
</row>
<row>
 <cell> </cell>
 <cell></cell>
 <cell></cell>
 <cell></cell>
 <cell></cell>
 <cell>9</cell>
 <cell>(1171, 243)</cell>
 <cell>1</cell>
</row>
<row>
 <cell>5</cell>
 <cell>GBL[22] </cell>
 <cell>(730, 154)</cell>
 <cell>RTG4FCCC_0/GL1_INST/U0_Y</cell>
 <cell>129</cell>
 <cell>1</cell>
 <cell>(368, 252)</cell>
 <cell>1</cell>
</row>
<row>
 <cell> </cell>
 <cell></cell>
 <cell></cell>
 <cell></cell>
 <cell></cell>
 <cell>2</cell>
 <cell>(368, 258)</cell>
 <cell>1</cell>
</row>
<row>
 <cell> </cell>
 <cell></cell>
 <cell></cell>
 <cell></cell>
 <cell></cell>
 <cell>3</cell>
 <cell>(368, 261)</cell>
 <cell>4</cell>
</row>
<row>
 <cell> </cell>
 <cell></cell>
 <cell></cell>
 <cell></cell>
 <cell></cell>
 <cell>4</cell>
 <cell>(368, 264)</cell>
 <cell>2</cell>
</row>
<row>
 <cell> </cell>
 <cell></cell>
 <cell></cell>
 <cell></cell>
 <cell></cell>
 <cell>5</cell>
 <cell>(368, 267)</cell>
 <cell>8</cell>
</row>
<row>
 <cell> </cell>
 <cell></cell>
 <cell></cell>
 <cell></cell>
 <cell></cell>
 <cell>6</cell>
 <cell>(368, 270)</cell>
 <cell>17</cell>
</row>
<row>
 <cell> </cell>
 <cell></cell>
 <cell></cell>
 <cell></cell>
 <cell></cell>
 <cell>7</cell>
 <cell>(368, 273)</cell>
 <cell>36</cell>
</row>
<row>
 <cell> </cell>
 <cell></cell>
 <cell></cell>
 <cell></cell>
 <cell></cell>
 <cell>8</cell>
 <cell>(368, 276)</cell>
 <cell>42</cell>
</row>
<row>
 <cell> </cell>
 <cell></cell>
 <cell></cell>
 <cell></cell>
 <cell></cell>
 <cell>9</cell>
 <cell>(368, 279)</cell>
 <cell>18</cell>
</row>
<row>
 <cell>6</cell>
 <cell>GBR[22] </cell>
 <cell>(742, 154)</cell>
 <cell>RTG4FCCC_0/GL1_INST/U0_gbs_1</cell>
 <cell>129</cell>
 <cell>1</cell>
 <cell>(1172, 252)</cell>
 <cell>1</cell>
</row>
<row>
 <cell> </cell>
 <cell></cell>
 <cell></cell>
 <cell></cell>
 <cell></cell>
 <cell>2</cell>
 <cell>(1172, 270)</cell>
 <cell>5</cell>
</row>
<row>
 <cell> </cell>
 <cell></cell>
 <cell></cell>
 <cell></cell>
 <cell></cell>
 <cell>3</cell>
 <cell>(1172, 273)</cell>
 <cell>32</cell>
</row>
<row>
 <cell> </cell>
 <cell></cell>
 <cell></cell>
 <cell></cell>
 <cell></cell>
 <cell>4</cell>
 <cell>(1172, 276)</cell>
 <cell>34</cell>
</row>
<row>
 <cell> </cell>
 <cell></cell>
 <cell></cell>
 <cell></cell>
 <cell></cell>
 <cell>5</cell>
 <cell>(1172, 279)</cell>
 <cell>35</cell>
</row>
<row>
 <cell> </cell>
 <cell></cell>
 <cell></cell>
 <cell></cell>
 <cell></cell>
 <cell>6</cell>
 <cell>(1172, 282)</cell>
 <cell>15</cell>
</row>
<row>
 <cell> </cell>
 <cell></cell>
 <cell></cell>
 <cell></cell>
 <cell></cell>
 <cell>7</cell>
 <cell>(1172, 285)</cell>
 <cell>6</cell>
</row>
<row>
 <cell> </cell>
 <cell></cell>
 <cell></cell>
 <cell></cell>
 <cell></cell>
 <cell>8</cell>
 <cell>(1172, 288)</cell>
 <cell>1</cell>
</row>
<row>
 <cell>7</cell>
 <cell>GBL[18] </cell>
 <cell>(726, 154)</cell>
 <cell>COREBOOTSTRAP_0/BOOT_RESET/HRESETN_RNI1O5B/U0_Y</cell>
 <cell>33</cell>
 <cell>1</cell>
 <cell>(364, 282)</cell>
 <cell>2</cell>
</row>
<row>
 <cell> </cell>
 <cell></cell>
 <cell></cell>
 <cell></cell>
 <cell></cell>
 <cell>2</cell>
 <cell>(364, 285)</cell>
 <cell>31</cell>
</row>
<row>
 <cell>8</cell>
 <cell>GBR[17] </cell>
 <cell>(737, 154)</cell>
 <cell>COREJTAGDEBUG_0/genblk1_udrck_clkint/U0_Y</cell>
 <cell>33</cell>
 <cell>1</cell>
 <cell>(1167, 162)</cell>
 <cell>8</cell>
</row>
<row>
 <cell> </cell>
 <cell></cell>
 <cell></cell>
 <cell></cell>
 <cell></cell>
 <cell>2</cell>
 <cell>(1167, 168)</cell>
 <cell>23</cell>
</row>
<row>
 <cell> </cell>
 <cell></cell>
 <cell></cell>
 <cell></cell>
 <cell></cell>
 <cell>3</cell>
 <cell>(1167, 171)</cell>
 <cell>2</cell>
</row>
<row>
 <cell>9</cell>
 <cell>GBR[18] </cell>
 <cell>(738, 154)</cell>
 <cell>COREBOOTSTRAP_0/BOOT_RESET/HRESETN_RNI1O5B/U0_gbs_1</cell>
 <cell>8</cell>
 <cell> </cell>
 <cell>(1168, 192)</cell>
 <cell>8</cell>
</row>
</table>
<text></text>
</section>
<section>
<name>Warnings</name>
<text>The following clocks or resets are driven by fabric-generated or local nets and are not radiation protected:</text>
<table>
<header>
 <cell/>
 <cell> From </cell>
 <cell> From Location </cell>
 <cell> I/O Bank </cell>
 <cell> To </cell>
 <cell> Net Name </cell>
 <cell> Fanout </cell>
</header>
<row>
 <cell>1</cell>
 <cell>COREJTAGDEBUG_0/genblk1.UJ_JTAG_0/un1_duttck_inferred_clock_RNI1HH4:Y</cell>
 <cell>(1224, 168)</cell>
 <cell>-</cell>
 <cell>GBR[19] </cell>
 <cell>COREJTAGDEBUG_0/un1_duttck_i_0</cell>
 <cell>1</cell>
</row>
<row>
 <cell>2</cell>
 <cell>COREJTAGDEBUG_1/genblk1.UJ_JTAG_0/un6_duttck_inferred_clock_RNI7BB6:Y</cell>
 <cell>(1243, 165)</cell>
 <cell>-</cell>
 <cell>GBR[21] </cell>
 <cell>COREJTAGDEBUG_1/un6_duttck_i_0</cell>
 <cell>1</cell>
</row>
<row>
 <cell>3</cell>
 <cell>reset_synchronizer_0/genblk1.reset_sync_reg[1]:Q</cell>
 <cell>(1178, 277)</cell>
 <cell>-</cell>
 <cell>GBR[3] </cell>
 <cell>reset_synchronizer_0/reset_sync_reg[1]</cell>
 <cell>1558</cell>
</row>
<row>
 <cell>4</cell>
 <cell>AND2_1:Y</cell>
 <cell>(723, 273)</cell>
 <cell>-</cell>
 <cell>GBL[7] </cell>
 <cell>AND2_1</cell>
 <cell>1</cell>
</row>
<row>
 <cell>5</cell>
 <cell>COREJTAGDEBUG_0/genblk1.UJTAG_0/INST_UJTAG_IP:UDRCK</cell>
 <cell>(1489, 2)</cell>
 <cell>-</cell>
 <cell>GBR[17] </cell>
 <cell>COREJTAGDEBUG_0/iUDRCK</cell>
 <cell>3</cell>
</row>
<row>
 <cell>6</cell>
 <cell>COREJTAGDEBUG_0/genblk1.UJTAG_0/INST_UJTAG_IP:URSTB</cell>
 <cell>(1489, 2)</cell>
 <cell>-</cell>
 <cell>GBR[11] </cell>
 <cell>COREJTAGDEBUG_0/UJTAG_0_URSTB</cell>
 <cell>2</cell>
</row>
<row>
 <cell>7</cell>
 <cell>reset_synchronizer_0/genblk1.reset_sync_reg[1]:Q</cell>
 <cell>(1178, 277)</cell>
 <cell>-</cell>
 <cell>GBL[3] </cell>
 <cell>reset_synchronizer_0/reset_sync_reg[1]</cell>
 <cell>1558</cell>
</row>
</table>
<text>Microsemi recommends the use of dedicated global clocks with built-in radiation protection.
</text>
<section>
<name> </name>
<text>The following local resets are not driven by three separate logic cones and are not radiation protected:</text>
<table>
<header>
 <cell/>
 <cell> From </cell>
 <cell> From Location </cell>
 <cell> To </cell>
 <cell> Net Name </cell>
 <cell> Fanout </cell>
</header>
<row>
 <cell>1</cell>
 <cell>AND2_0:Y</cell>
 <cell>(1473, 3)</cell>
 <cell>RGRESET</cell>
 <cell>AND2_0_Y_2</cell>
 <cell>2</cell>
</row>
</table>
<text>For radiation protection, Microsemi recommends that each of the three inputs of every RGRESET be driven by three separate logic cones replicating the paths from the source registers.
</text>
</section>
</section>
</doc>
