<?xml version="1.0" encoding="utf-8"?> 
<!-- 
  Synopsys, Inc.
  Version L-2016.09M-2
  Project file D:\2018-07-18\Desktop\ExtHelp\Nitin\RTG4-Development-Kit-master\Modify_The_FPGA_Design\RTG4_CoreRISCV_AXI4_MultiProcessorDesign\synthesis\syntmp\run_option.xml
  Written on Wed Aug 08 12:33:36 2018


--> 
<project_attribute_list name="Project Settings"> 
     <option name="project_name" display_name="Project Name">PROC_SUBSYSTEM_syn</option>
     <option name="impl_name" display_name="Implementation Name">synthesis</option>
     <option name="top_module" display_name="Top Module">PROC_SUBSYSTEM</option>
     <option name="retiming" display_name="Retiming">0</option>
     <option name="resource_sharing" display_name="Resource Sharing">1</option>
     <option name="maxfan" display_name="Fanout Guide">10000</option>
     <option name="disable_io_insertion" display_name="Disable I/O Insertion">0</option>
     <option name="no_sequential_opt" display_name="Disable Sequential Optimizations">0</option>
     <option name="symbolic_fsm_compiler" display_name="FSM Compiler">1</option>
</project_attribute_list>

