<?xml version="1.0" encoding="UTF-8" standalone="no" ?><toolSetting xmlns="http://actel.com/sweng/afi" component="RTG4_RV32IMA_AHB_SimpleDesign" xmlns:actel-cc="http://www.actel.com/XMLSchema/CoreConsole" xmlns:spirit="http://www.spiritconsortium.org/XMLSchema/SPIRIT/1.1"><device VendorTechnology_Die="PA4RT12000" VendorTechnology_DieVoltage="1.2" VendorTechnology_Family="RTG4" VendorTechnology_PART_RANGE="MIL" VendorTechnology_Package="cg1657" VendorTechnology_Speed="-1"><advancedoptions IO_DEFT_STD="LVCMOS25" RAD_EXPOSURE="0" RESERVEMIGRATIONPINS="1" RESTRICTPROBEPINS="1" RESTRICTSPIPINS="0" TARGETDEVICESFORMIGRATION="PA4RT12000" TEMPR="MIL" UNUSED_MSS_IO_RESISTOR_PULL="None" VCCI_1.2_VOLTR="MIL" VCCI_1.5_VOLTR="MIL" VCCI_1.8_VOLTR="MIL" VCCI_2.5_VOLTR="MIL" VCCI_3.3_VOLTR="MIL" VOLTR="MIL"/></device><tool Constraint_Default="true" Simulation_Default="true" Source_Default="true" Stimulus_Default="true" internal_name="USER_PROG_DATA" library="Tool" name="UserProgrammingDataTool" state="0" vendor="Actel" version="1.0.100"><configuration><spirit:hwParameter spirit:name="design_version"/><spirit:hwParameter spirit:name="silicon_signature"/></configuration><input_files/><output_files/><report_files/></tool><tool Constraint_Default="true" Simulation_Default="true" Source_Default="true" Stimulus_Default="true" internal_name="UPDATE_UPROM" library="Tool" name="UpdateUprom" state="0" vendor="Actel" version="1.0.100"><configuration><spirit:hwParameter spirit:name="uprom_cfg_file"/></configuration><input_files/><output_files/><report_files/></tool><tool Constraint_Default="true" Simulation_Default="true" Source_Default="true" Stimulus_Default="true" internal_name="SYNTHESIZE_PS" library="Tool" name="Precision" state="0" vendor="Mentor" version="1.0.100"><configuration/><input_files/><output_files/><report_files/></tool><tool Constraint_Default="true" Simulation_Default="true" Source_Default="true" Stimulus_Default="true" internal_name="SYNTHESIZE" library="Tool" name="Synthesize" state="0" vendor="Synopsys" version="1.1.102"><configuration><spirit:hwParameter spirit:name="BLOCK_MODE">false</spirit:hwParameter><spirit:hwParameter spirit:name="BLOCK_PLACEMENT_CONFLICTS">ERROR</spirit:hwParameter><spirit:hwParameter spirit:name="BLOCK_ROUTING_CONFLICTS">LOCK</spirit:hwParameter><spirit:hwParameter spirit:name="CLOCK_ASYNC">12</spirit:hwParameter><spirit:hwParameter spirit:name="CLOCK_DATA">5000</spirit:hwParameter><spirit:hwParameter spirit:name="CLOCK_GLOBAL">2</spirit:hwParameter><spirit:hwParameter spirit:name="PA4_GB_COUNT">34</spirit:hwParameter><spirit:hwParameter spirit:name="PA4_GB_MAX_RCLKINT_INSERTION">16</spirit:hwParameter><spirit:hwParameter spirit:name="PA4_GB_MIN_GB_FANOUT_TO_USE_RCLKINT">300</spirit:hwParameter><spirit:hwParameter spirit:name="RAM_OPTIMIZED_FOR_POWER">false</spirit:hwParameter><spirit:hwParameter spirit:name="RETIMING">false</spirit:hwParameter><spirit:hwParameter spirit:name="SYNPLIFY_OPTIONS"/><spirit:hwParameter spirit:name="SYNPLIFY_TCL_FILE"/></configuration><input_files/><output_files/><report_files/></tool><tool Constraint_Default="true" Simulation_Default="true" Source_Default="true" Stimulus_Default="true" internal_name="SMARTDESIGNCONFIGURATOR" library="Tool" name="SmartDesign" state="0" vendor="Actel" version="1.0.100"><configuration/><input_files/><output_files/><report_files/></tool><tool Constraint_Default="true" Simulation_Default="true" Source_Default="true" Stimulus_Default="true" internal_name="SMARTDEBUG" library="Tool" name="SmartDebug" state="0" vendor="Actel" version="1.0.101"><configuration/><input_files/><output_files/><report_files/></tool><tool Constraint_Default="true" Simulation_Default="true" Source_Default="true" Stimulus_Default="true" internal_name="SIM_PRESYNTH" library="Tool" name="RTLSimulation" state="0" vendor="Actel" version="1.0.100"><configuration/><input_files/><output_files/><report_files/></tool><tool Constraint_Default="true" Simulation_Default="true" Source_Default="true" Stimulus_Default="true" internal_name="SDTB" library="Tool" name="SDTB" state="0" vendor="Actel" version="1.0.100"><configuration/><input_files/><output_files/><report_files/></tool><tool Constraint_Default="true" Simulation_Default="true" Source_Default="true" Stimulus_Default="true" internal_name="PROGRAMMING_BITSTREAM_SETTINGS" library="Tool" name="DeviceOptionsTool" state="0" vendor="Actel" version="1.0.100"><configuration><spirit:hwParameter spirit:name="disable_digest_check">false</spirit:hwParameter><spirit:hwParameter spirit:name="disable_fabric_erase_write_verify">false</spirit:hwParameter><spirit:hwParameter spirit:name="disable_jtag">false</spirit:hwParameter><spirit:hwParameter spirit:name="disable_probe_read_write">false</spirit:hwParameter><spirit:hwParameter spirit:name="disable_spi">false</spirit:hwParameter><spirit:hwParameter spirit:name="one_time_programmable">false</spirit:hwParameter><spirit:hwParameter spirit:name="system_controller_suspend_mode">false</spirit:hwParameter></configuration><input_files/><output_files/><report_files/></tool><tool Constraint_Default="true" Simulation_Default="true" Source_Default="true" Stimulus_Default="true" internal_name="PROGRAMMER_INFO" library="Tool" name="ProgrammerInfo" state="0" vendor="Actel" version="1.0.102"><configuration><spirit:hwParameter spirit:name="flashpro3_clk_mode">free_running_clk</spirit:hwParameter><spirit:hwParameter spirit:name="flashpro3_force_freq">OFF</spirit:hwParameter><spirit:hwParameter spirit:name="flashpro3_freq">400000</spirit:hwParameter><spirit:hwParameter spirit:name="flashpro3_vpump">ON</spirit:hwParameter><spirit:hwParameter spirit:name="flashpro4_clk_mode">free_running_clk</spirit:hwParameter><spirit:hwParameter spirit:name="flashpro4_force_freq">OFF</spirit:hwParameter><spirit:hwParameter spirit:name="flashpro4_freq">400000</spirit:hwParameter><spirit:hwParameter spirit:name="flashpro4_vpump">ON</spirit:hwParameter><spirit:hwParameter spirit:name="flashpro5_clk_mode">free_running_clk</spirit:hwParameter><spirit:hwParameter spirit:name="flashpro5_force_freq">OFF</spirit:hwParameter><spirit:hwParameter spirit:name="flashpro5_freq">400000</spirit:hwParameter><spirit:hwParameter spirit:name="flashpro5_vpump">ON</spirit:hwParameter><spirit:hwParameter spirit:name="flashprolite_drive_trst">OFF</spirit:hwParameter><spirit:hwParameter spirit:name="flashprolite_force_freq">OFF</spirit:hwParameter><spirit:hwParameter spirit:name="flashprolite_freq">400000</spirit:hwParameter><spirit:hwParameter spirit:name="flashprolite_vpn">ON</spirit:hwParameter><spirit:hwParameter spirit:name="flashprolite_vpp">ON</spirit:hwParameter><spirit:hwParameter spirit:name="flashpro_drive_trst">OFF</spirit:hwParameter><spirit:hwParameter spirit:name="flashpro_force_freq">OFF</spirit:hwParameter><spirit:hwParameter spirit:name="flashpro_force_vddp">ON</spirit:hwParameter><spirit:hwParameter spirit:name="flashpro_freq">400000</spirit:hwParameter><spirit:hwParameter spirit:name="flashpro_vddl">ON</spirit:hwParameter><spirit:hwParameter spirit:name="flashpro_vddp">2.5</spirit:hwParameter><spirit:hwParameter spirit:name="flashpro_vpn">ON</spirit:hwParameter><spirit:hwParameter spirit:name="flashpro_vpp">ON</spirit:hwParameter></configuration><input_files/><output_files/><report_files/></tool><tool Constraint_Default="true" Simulation_Default="true" Source_Default="true" Stimulus_Default="true" internal_name="NLVIEW" library="Tool" name="NetlistViewer" state="0" vendor="Actel" version="1.0.0"><configuration/><input_files/><output_files/><report_files/></tool><tool Constraint_Default="true" Simulation_Default="true" Source_Default="true" Stimulus_Default="true" internal_name="IO_PROGRAMMING_STATE" library="Tool" name="IoProgramState" state="0" vendor="Actel" version="1.0.103"><configuration><spirit:hwParameter spirit:name="ios_file"/></configuration><input_files/><output_files/><report_files/></tool><tool Constraint_Default="true" Simulation_Default="true" Source_Default="true" Stimulus_Default="true" internal_name="HDLTB" library="Tool" name="HDLTB" state="0" vendor="Actel" version="1.0.100"><configuration/><input_files/><output_files/><report_files/></tool><tool Constraint_Default="true" Simulation_Default="true" Source_Default="true" Stimulus_Default="true" internal_name="HDLEDITOR" library="Tool" name="HDL" state="0" vendor="Actel" version="1.0.100"><configuration/><input_files/><output_files/><report_files/></tool><tool Constraint_Default="true" Simulation_Default="true" Source_Default="true" Stimulus_Default="true" internal_name="GENERATE_MEMORY_MAP" library="Tool" name="ExportFirmWareDrivers" state="0" vendor="Actel" version="1.0.100"><configuration/><input_files/><output_files/><report_files/></tool><tool Constraint_Default="true" Simulation_Default="true" Source_Default="true" Stimulus_Default="true" internal_name="EXPORTSDC" library="Tool" name="sdc_export" state="0" vendor="Actel" version="1.0.0"><configuration><spirit:hwParameter spirit:name="FULL_PLACEMENT">false</spirit:hwParameter><spirit:hwParameter spirit:name="PIN_LOCATIONS">true</spirit:hwParameter><spirit:hwParameter spirit:name="PLACEMENT">false</spirit:hwParameter></configuration><input_files/><output_files/><report_files/></tool><tool Constraint_Default="true" Simulation_Default="true" Source_Default="true" Stimulus_Default="true" internal_name="EXPORTNETLIST" library="Tool" name="netlist_export" state="0" vendor="Actel" version="1.0.0"><configuration><spirit:hwParameter spirit:name="EXPORT_HDL_TYPE">VERILOG</spirit:hwParameter></configuration><input_files/><output_files/><report_files/></tool><tool Constraint_Default="true" Simulation_Default="true" Source_Default="true" Stimulus_Default="true" internal_name="SIM_POSTSYNTH" library="Tool" name="PostSynthesisSimulation" state="0" vendor="Actel" version="1.0.100"><configuration/><input_files/><output_files/><report_files/></tool><tool Constraint_Default="true" Simulation_Default="true" Source_Default="true" Stimulus_Default="true" internal_name="EXPORTIOPDC" library="Tool" name="pdc_export" state="0" vendor="Actel" version="1.0.4"><configuration><spirit:hwParameter spirit:name="EXPORT_MODE">PDC_PLACE</spirit:hwParameter></configuration><input_files/><output_files/><report_files/></tool><tool Constraint_Default="true" Simulation_Default="true" Source_Default="true" Stimulus_Default="true" internal_name="EXPORTFPPDC" library="Tool" name="pdc_export" state="0" vendor="Actel" version="1.0.4"><configuration><spirit:hwParameter spirit:name="EXPORT_MODE">PDC_PLACE</spirit:hwParameter></configuration><input_files/><output_files/><report_files/></tool><tool Constraint_Default="true" Simulation_Default="true" Source_Default="true" Stimulus_Default="true" internal_name="EDITTIMING_PRESYNTH" library="Tool" name="st_constraints" state="0" vendor="Actel" version="1.0.11"><configuration/><input_files/><output_files/><report_files/></tool><tool Constraint_Default="true" Simulation_Default="true" Source_Default="true" Stimulus_Default="true" internal_name="EDITIO_PRESYNTH" library="Tool" name="mvn_io" state="0" vendor="Actel" version="1.0.11"><configuration/><input_files/><output_files/><report_files/></tool><tool Constraint_Default="true" Simulation_Default="true" Source_Default="true" Stimulus_Default="true" internal_name="EDITFLOORPLAN_PRECOMPILE" library="Tool" name="mvn_fp" state="0" vendor="Actel" version="1.0.11"><configuration/><input_files/><output_files/><report_files/></tool><tool Constraint_Default="true" Simulation_Default="true" Source_Default="true" Stimulus_Default="true" internal_name="CONSTRAINT_MANAGEMENT" library="Tool" name="Constraintmanagement" state="0" vendor="Actel" version="1.0.10"><configuration/><input_files/><output_files/><report_files/></tool><tool Constraint_Default="true" Simulation_Default="true" Source_Default="true" Stimulus_Default="true" internal_name="CONFIGURE_PROG_OPTIONS_RTG4" library="Tool" name="ConfigureProgOptionsRTG4Tool" state="0" vendor="Actel" version="1.0.100"><configuration><spirit:hwParameter spirit:name="design_version"/><spirit:hwParameter spirit:name="disable_digest_check">false</spirit:hwParameter><spirit:hwParameter spirit:name="disable_fabric_erase_write_verify">false</spirit:hwParameter><spirit:hwParameter spirit:name="disable_jtag">false</spirit:hwParameter><spirit:hwParameter spirit:name="disable_probe_read_write">false</spirit:hwParameter><spirit:hwParameter spirit:name="disable_spi">false</spirit:hwParameter><spirit:hwParameter spirit:name="one_time_programmable">false</spirit:hwParameter><spirit:hwParameter spirit:name="silicon_signature"/><spirit:hwParameter spirit:name="system_controller_suspend_mode">false</spirit:hwParameter></configuration><input_files/><output_files/><report_files/></tool><tool Constraint_Default="true" Simulation_Default="true" Source_Default="true" Stimulus_Default="true" internal_name="CONFIGURE_CHAIN" library="Tool" name="ConfigureChain" state="0" vendor="Actel" version="1.0.101"><configuration/><input_files/><output_files/><report_files/></tool><tool Constraint_Default="true" Simulation_Default="true" Source_Default="true" Stimulus_Default="true" internal_name="COMPILE" library="Tool" name="g4compile" state="0" vendor="Actel" version="1.0.51"><configuration><spirit:hwParameter spirit:name="BLOCK_MODE">false</spirit:hwParameter><spirit:hwParameter spirit:name="BLOCK_PLACEMENT_CONFLICTS">ERROR</spirit:hwParameter><spirit:hwParameter spirit:name="BLOCK_ROUTING_CONFLICTS">LOCK</spirit:hwParameter><spirit:hwParameter spirit:name="PA4_GB_COUNT">34</spirit:hwParameter><spirit:hwParameter spirit:name="PA4_GB_MAX_FANOUT_DATA_MOVE">5000</spirit:hwParameter><spirit:hwParameter spirit:name="PA4_GB_MAX_RCLKINT_INSERTION">16</spirit:hwParameter><spirit:hwParameter spirit:name="PA4_GB_MIN_GB_FANOUT_TO_USE_RCLKINT">300</spirit:hwParameter></configuration><input_files/><output_files/><report_files/></tool><tool Constraint_Default="true" Simulation_Default="true" Source_Default="true" Stimulus_Default="true" internal_name="PUBLISHBLOCK" library="Tool" name="PublishDesignerBlock" state="0" vendor="Actel" version="1.0.106"><configuration><spirit:hwParameter spirit:name="LANGUAGE">verilog</spirit:hwParameter><spirit:hwParameter spirit:name="LIB">UserBlock</spirit:hwParameter><spirit:hwParameter spirit:name="NAME">Block</spirit:hwParameter><spirit:hwParameter spirit:name="PLACEMENT">true</spirit:hwParameter><spirit:hwParameter spirit:name="REGION">true</spirit:hwParameter><spirit:hwParameter spirit:name="ROUTING">true</spirit:hwParameter><spirit:hwParameter spirit:name="VENDOR">Company</spirit:hwParameter><spirit:hwParameter spirit:name="VERSION">1.0</spirit:hwParameter></configuration><input_files/><output_files/><report_files/></tool><tool Constraint_Default="true" Simulation_Default="true" Source_Default="true" Stimulus_Default="true" internal_name="PLACEROUTE" library="Tool" name="g4layout_placer" state="0" vendor="Actel" version="1.0.35"><configuration><spirit:hwParameter spirit:name="DELAY_ANALYSIS">MAX</spirit:hwParameter><spirit:hwParameter spirit:name="EFFORT_LEVEL">false</spirit:hwParameter><spirit:hwParameter spirit:name="INCRPLACEANDROUTE">false</spirit:hwParameter><spirit:hwParameter spirit:name="MULTI_PASS_CRITERIA">VIOLATIONS</spirit:hwParameter><spirit:hwParameter spirit:name="MULTI_PASS_LAYOUT">false</spirit:hwParameter><spirit:hwParameter spirit:name="NUM_MULTI_PASSES">5</spirit:hwParameter><spirit:hwParameter spirit:name="PDPR">false</spirit:hwParameter><spirit:hwParameter spirit:name="RANDOM_SEED">0</spirit:hwParameter><spirit:hwParameter spirit:name="REPAIR_MIN_DELAY">true</spirit:hwParameter><spirit:hwParameter spirit:name="RGB_COUNT">8</spirit:hwParameter><spirit:hwParameter spirit:name="SLACK_CRITERIA">WORST_SLACK</spirit:hwParameter><spirit:hwParameter spirit:name="SPECIFIC_CLOCK"/><spirit:hwParameter spirit:name="START_SEED_INDEX">1</spirit:hwParameter><spirit:hwParameter spirit:name="STOP_ON_FIRST_PASS">false</spirit:hwParameter><spirit:hwParameter spirit:name="TDPR">true</spirit:hwParameter><spirit:hwParameter spirit:name="USE_RAM_MATH_INTERFACE_LOGIC">true</spirit:hwParameter></configuration><input_files/><output_files/><report_files/></tool><tool Constraint_Default="true" Simulation_Default="true" Source_Default="true" Stimulus_Default="true" internal_name="GENERATEPROGRAMMINGDATA" library="Tool" name="g4layout_mapper" state="0" vendor="Actel" version="1.0.2"><configuration/><input_files/><output_files/><report_files/></tool><tool Constraint_Default="true" Simulation_Default="true" Source_Default="true" Stimulus_Default="true" internal_name="EXPORTSMARTDEBUGDATA" library="Tool" name="ExportSmartDebugData" state="0" vendor="Actel" version="1.0.100"><configuration/><input_files/><output_files/><report_files/></tool><tool Constraint_Default="true" Simulation_Default="true" Source_Default="true" Stimulus_Default="true" internal_name="EXPORTPROGRAMMINGJOB" library="Tool" name="ExportProgrammingJob" state="0" vendor="Actel" version="1.0.100"><configuration/><input_files/><output_files/><report_files/></tool><tool Constraint_Default="true" Simulation_Default="true" Source_Default="true" Stimulus_Default="true" internal_name="EXPORTPROGRAMMINGFILE" library="Tool" name="ExportProgrammingFile" state="0" vendor="Actel" version="1.0.107"><configuration/><input_files/><output_files/><report_files/></tool><tool Constraint_Default="true" Simulation_Default="true" Source_Default="true" Stimulus_Default="true" internal_name="GENERATEPROGRAMMINGFILE" library="Tool" name="GenerateProgrammingFile" state="0" vendor="Actel" version="1.0.101"><configuration><spirit:hwParameter spirit:name="program_envm">false</spirit:hwParameter><spirit:hwParameter spirit:name="program_fabric">false</spirit:hwParameter><spirit:hwParameter spirit:name="program_mode">selected_features</spirit:hwParameter><spirit:hwParameter spirit:name="program_security">false</spirit:hwParameter></configuration><input_files/><output_files/><report_files/></tool><tool Constraint_Default="true" Simulation_Default="true" Source_Default="true" Stimulus_Default="true" internal_name="PROGRAMDEVICE" library="Tool" name="ProgramDevice" state="0" vendor="Actel" version="1.0.105"><configuration><spirit:hwParameter spirit:name="prog_action"/><spirit:hwParameter spirit:name="prog_optional_procedures">""</spirit:hwParameter></configuration><input_files/><output_files/><report_files/></tool><tool Constraint_Default="true" Simulation_Default="true" Source_Default="true" Stimulus_Default="true" internal_name="INSTRUMENTDESIGN" library="Tool" name="InstrumentDesign" state="0" vendor="Actel" version="1.0.100"><configuration/><input_files/><output_files/><report_files/></tool><tool Constraint_Default="true" Simulation_Default="true" Source_Default="true" Stimulus_Default="true" internal_name="EXPORTSDF" library="Tool" name="g4ba" state="0" vendor="Actel" version="1.0.12"><configuration><spirit:hwParameter spirit:name="DELAY_TYPE">false</spirit:hwParameter><spirit:hwParameter spirit:name="EXPORT_HDL_TYPE">VERILOG</spirit:hwParameter></configuration><input_files/><output_files/><report_files/></tool><tool Constraint_Default="true" Simulation_Default="true" Source_Default="true" Stimulus_Default="true" internal_name="SIM_POSTLAYOUT" library="Tool" name="BackAnnotatedSimulation" state="0" vendor="Actel" version="1.0.100"><configuration/><input_files/><output_files/><report_files/></tool><tool Constraint_Default="true" Simulation_Default="true" Source_Default="true" Stimulus_Default="true" internal_name="EXPORTG4IBIS" library="Tool" name="ExportG4IBIS" state="0" vendor="Actel" version="1.0.102"><configuration/><input_files/><output_files/><report_files/></tool><tool Constraint_Default="true" Simulation_Default="true" Source_Default="true" Stimulus_Default="true" internal_name="EXPORTBSDL" library="Tool" name="ExportBSDL" state="0" vendor="Actel" version="1.0.100"><configuration/><input_files/><output_files/><report_files/></tool><tool Constraint_Default="true" Simulation_Default="true" Source_Default="true" Stimulus_Default="true" internal_name="EXPORTPIN" library="Tool" name="pinrpt" state="0" vendor="Actel" version="1.0.12"><configuration><spirit:hwParameter spirit:name="PINRPT_BY_NAME">true</spirit:hwParameter><spirit:hwParameter spirit:name="PINRPT_BY_NUMBER">true</spirit:hwParameter></configuration><input_files/><output_files/><report_files/></tool><tool Constraint_Default="true" Simulation_Default="true" Source_Default="true" Stimulus_Default="true" internal_name="IOADVISOR" library="Tool" name="IOAdvisior" state="0" vendor="Actel" version="1.0.100"><configuration/><input_files/><output_files/><report_files/></tool><tool Constraint_Default="true" Simulation_Default="true" Source_Default="true" Stimulus_Default="true" internal_name="VERIFYPOWER" library="Tool" name="SmartPower" state="0" vendor="Actel" version="1.0.101"><configuration><spirit:hwParameter spirit:name="SP_VPP_POWER_25_33">false</spirit:hwParameter></configuration><input_files/><output_files/><report_files/></tool><tool Constraint_Default="true" Simulation_Default="true" Source_Default="true" Stimulus_Default="true" internal_name="VERIFYTIMING_ST" library="Tool" name="st_analysis_st" state="0" vendor="Actel" version="1.0.0"><configuration/><input_files/><output_files/><report_files/></tool><tool Constraint_Default="true" Simulation_Default="true" Source_Default="true" Stimulus_Default="true" internal_name="VERIFYTIMING" library="Tool" name="st_analysis" state="0" vendor="Actel" version="1.0.12"><configuration><spirit:hwParameter spirit:name="CONSTRAINTS_COVERAGE">true</spirit:hwParameter><spirit:hwParameter spirit:name="FORMAT">XML</spirit:hwParameter><spirit:hwParameter spirit:name="MAX_TIMING_FAST_HV_LT">false</spirit:hwParameter><spirit:hwParameter spirit:name="MAX_TIMING_SLOW_LV_HT">true</spirit:hwParameter><spirit:hwParameter spirit:name="MAX_TIMING_VIOLATIONS_FAST_HV_LT">false</spirit:hwParameter><spirit:hwParameter spirit:name="MAX_TIMING_VIOLATIONS_SLOW_LV_HT">true</spirit:hwParameter><spirit:hwParameter spirit:name="MIN_TIMING_FAST_HV_LT">true</spirit:hwParameter><spirit:hwParameter spirit:name="MIN_TIMING_SLOW_LV_HT">false</spirit:hwParameter><spirit:hwParameter spirit:name="MIN_TIMING_VIOLATIONS_FAST_HV_LT">true</spirit:hwParameter><spirit:hwParameter spirit:name="MIN_TIMING_VIOLATIONS_SLOW_LV_HT">false</spirit:hwParameter></configuration><input_files/><output_files/><report_files/></tool><tool Constraint_Default="true" Simulation_Default="true" Source_Default="true" Stimulus_Default="true" internal_name="EDITFLOORPLAN_POSTCOMPILE" library="Tool" name="mvn_fp" state="0" vendor="Actel" version="1.0.11"><configuration/><input_files/><output_files/><report_files/></tool><tool Constraint_Default="true" Simulation_Default="true" Source_Default="true" Stimulus_Default="true" internal_name="EDITTIMING_POSTCOMPILE" library="Tool" name="st_constraints" state="0" vendor="Actel" version="1.0.11"><configuration/><input_files/><output_files/><report_files/></tool><tool Constraint_Default="true" Simulation_Default="true" Source_Default="true" Stimulus_Default="true" internal_name="EDITCP_POSTCOMPILE" library="Tool" name="ChipPlanner" state="0" vendor="Actel" version="1.0.102"><configuration/><input_files/><output_files/><report_files/></tool><tool Constraint_Default="true" Simulation_Default="true" Source_Default="true" Stimulus_Default="true" internal_name="EDITIO_POSTCOMPILE" library="Tool" name="mvn_io" state="0" vendor="Actel" version="1.0.11"><configuration/><input_files/><output_files/><report_files/></tool></toolSetting>