
. Module name, SLE, CFG, ARI1, BUFFER, MACC, RAM1K18_RT, RAM64X18_RT, GLOBAL, IO
. PROC_SUBSYSTEM, 5696, 10910, 1053, 0, 2, 14, 2, 6, 89
.	. COREAHBTOAPB3_25s_1s, 101, 54, 0, 0, 0, 0, 0, 0, 0
.	.	. CoreAHBtoAPB3_AhbToApbSM_1s_0_1_0_1_2_3_4, 10, 29, 0, 0, 0, 0, 0, 0, 0
.	.	. CoreAHBtoAPB3_ApbAddrData_1s, 88, 22, 0, 0, 0, 0, 0, 0, 0
.	.	. CoreAHBtoAPB3_PenableScheduler_1s_0_1_2, 3, 3, 0, 0, 0, 0, 0, 0, 0
.	. COREJTAGDEBUG_85_1s, 16, 102, 0, 0, 0, 0, 0, 3, 0
.	.	. uj_jtag_85, 16, 99, 0, 0, 0, 0, 0, 0, 0
.	. CoreAPB3_Z8, 0, 103, 0, 0, 0, 0, 0, 0, 0
.	.	. COREAPB3_MUXPTOB3_0, 0, 62, 0, 0, 0, 0, 0, 0, 0
.	. CoreTimer_32s_1s_25s_1s, 118, 104, 43, 0, 0, 0, 0, 0, 0
.	. CoreTimer_32s_1s_25s_1s_0, 118, 131, 42, 0, 0, 0, 0, 0, 0
.	. DDR_MEMORY_CTRL, 99, 358, 25, 0, 0, 0, 0, 0, 71
.	.	. DDR_MEMORY_CTRL_COREABC_0_COREABC_Z12, 99, 358, 25, 0, 0, 0, 0, 0, 0
.	.	.	. DDR_MEMORY_CTRL_COREABC_0_INSTRUCTIONS_Z13, 33, 224, 0, 0, 0, 0, 0, 0, 0
.	.	. DDR_MEMORY_CTRL_FDDRC_0_RTG4FDDRC, 0, 0, 0, 0, 0, 0, 0, 0, 71
.	. PROC_SUBSYSTEM_CoreAHBLite_0_CoreAHBLite_Z4, 62, 202, 0, 0, 0, 0, 0, 0, 0
.	.	. COREAHBLITE_MATRIX4X16_0_1_0_65536_0_0_0_1s, 62, 202, 0, 0, 0, 0, 0, 0, 0
.	.	.	. COREAHBLITE_MASTERSTAGE_0_1_0_65536_1s_0_1_0, 56, 122, 0, 0, 0, 0, 0, 0, 0
.	.	.	.	. COREAHBLITE_ADDRDEC_Z1, 0, 6, 0, 0, 0, 0, 0, 0, 0
.	.	.	.	. COREAHBLITE_DEFAULTSLAVESM_1s_0_1, 1, 4, 0, 0, 0, 0, 0, 0, 0
.	.	.	. COREAHBLITE_SLAVESTAGE_1s_0_0_0, 6, 80, 0, 0, 0, 0, 0, 0, 0
.	.	.	.	. COREAHBLITE_SLAVEARBITER_Z3_1, 5, 44, 0, 0, 0, 0, 0, 0, 0
.	. PROC_SUBSYSTEM_CoreAHBLite_1_CoreAHBLite_Z7, 39, 72, 0, 0, 0, 0, 0, 0, 0
.	.	. COREAHBLITE_MATRIX4X16_1_1_0_128_0_0_0_1s, 39, 72, 0, 0, 0, 0, 0, 0, 0
.	.	.	. COREAHBLITE_MASTERSTAGE_1_1_0_128_1s_0_1_0, 27, 39, 0, 0, 0, 0, 0, 0, 0
.	.	.	.	. COREAHBLITE_DEFAULTSLAVESM_1s_0_1_0, 1, 2, 0, 0, 0, 0, 0, 0, 0
.	.	.	. COREAHBLITE_SLAVESTAGE_1s_0_0_2, 12, 33, 0, 0, 0, 0, 0, 0, 0
.	.	.	.	. COREAHBLITE_SLAVEARBITER_Z3_1_0, 11, 16, 0, 0, 0, 0, 0, 0, 0
.	. PROC_SUBSYSTEM_CoreGPIO_IN_CoreGPIO_Z9, 32, 0, 0, 0, 0, 0, 0, 0, 0
.	. PROC_SUBSYSTEM_CoreGPIO_OUT_CoreGPIO_Z10, 8, 0, 0, 0, 0, 0, 0, 0, 0
.	. PROC_SUBSYSTEM_CoreUARTapb_0_CoreUARTapb_Z11, 114, 126, 19, 0, 0, 0, 0, 0, 0
.	.	. PROC_SUBSYSTEM_CoreUARTapb_0_COREUART_0s_0s_0s_25s_0s_1s, 90, 116, 19, 0, 0, 0, 0, 0, 0
.	.	.	. PROC_SUBSYSTEM_CoreUARTapb_0_Clock_gen_0s_1s, 19, 12, 14, 0, 0, 0, 0, 0, 0
.	.	.	. PROC_SUBSYSTEM_CoreUARTapb_0_Rx_async_1s_0s_0s_1s_2s_3s, 41, 67, 0, 0, 0, 0, 0, 0, 0
.	.	.	. PROC_SUBSYSTEM_CoreUARTapb_0_Tx_async_1s_0s_0s_1s_2s_3s_4s_5s_6s, 21, 29, 5, 0, 0, 0, 0, 0, 0
.	. PROC_SUBSYSTEM_MIV_RV32IMA_L1_AHB_0_MIV_RV32IMA_L1_AHB_32896_32896_0s_0s, 4985, 9657, 924, 0, 2, 14, 2, 0, 0
.	.	. PROC_SUBSYSTEM_MIV_RV32IMA_L1_AHB_0_MIV_RV32IMA_L1_AHB_ROCKET_SYSTEM_0s, 4985, 9657, 924, 0, 2, 14, 2, 0, 0
.	.	.	. PROC_SUBSYSTEM_MIV_RV32IMA_L1_AHB_0_MIV_RV32IMA_L1_AHB_COREPLEX_LOCAL_INTERRUPTER_CLINT, 129, 173, 192, 0, 0, 0, 0, 0, 0
.	.	.	. PROC_SUBSYSTEM_MIV_RV32IMA_L1_AHB_0_MIV_RV32IMA_L1_AHB_DEBUG_TRANSPORT_MODULE_JTAG, 168, 164, 0, 0, 0, 0, 0, 0, 0
.	.	.	.	. PROC_SUBSYSTEM_MIV_RV32IMA_L1_AHB_0_MIV_RV32IMA_L1_AHB_CAPTURE_CHAIN, 32, 13, 0, 0, 0, 0, 0, 0, 0
.	.	.	.	. PROC_SUBSYSTEM_MIV_RV32IMA_L1_AHB_0_MIV_RV32IMA_L1_AHB_CAPTURE_UPDATE_CHAIN, 32, 6, 0, 0, 0, 0, 0, 0, 0
.	.	.	.	. PROC_SUBSYSTEM_MIV_RV32IMA_L1_AHB_0_MIV_RV32IMA_L1_AHB_CAPTURE_UPDATE_CHAIN_1, 41, 80, 0, 0, 0, 0, 0, 0, 0
.	.	.	.	. PROC_SUBSYSTEM_MIV_RV32IMA_L1_AHB_0_MIV_RV32IMA_L1_AHB_JTAG_BYPASS_CHAIN, 1, 1, 0, 0, 0, 0, 0, 0, 0
.	.	.	.	. PROC_SUBSYSTEM_MIV_RV32IMA_L1_AHB_0_MIV_RV32IMA_L1_AHB_JTAG_TAP_CONTROLLER, 15, 36, 0, 0, 0, 0, 0, 0, 0
.	.	.	.	.	. PROC_SUBSYSTEM_MIV_RV32IMA_L1_AHB_0_MIV_RV32IMA_L1_AHB_CAPTURE_UPDATE_CHAIN_2, 5, 5, 0, 0, 0, 0, 0, 0, 0
.	.	.	.	.	. PROC_SUBSYSTEM_MIV_RV32IMA_L1_AHB_0_MIV_RV32IMA_L1_AHB_JTAG_STATE_MACHINE, 4, 17, 0, 0, 0, 0, 0, 0, 0
.	.	.	.	.	.	. PROC_SUBSYSTEM_MIV_RV32IMA_L1_AHB_0_MIV_RV32IMA_L1_AHB_ASYNC_RESET_REG_VEC_W4_I15, 4, 15, 0, 0, 0, 0, 0, 0, 0
.	.	.	.	.	.	.	. PROC_SUBSYSTEM_MIV_RV32IMA_L1_AHB_0_MIV_RV32IMA_L1_AHB_ASYNC_RESET_REG_2_68, 1, 3, 0, 0, 0, 0, 0, 0, 0
.	.	.	.	.	.	.	. PROC_SUBSYSTEM_MIV_RV32IMA_L1_AHB_0_MIV_RV32IMA_L1_AHB_ASYNC_RESET_REG_2_69, 1, 6, 0, 0, 0, 0, 0, 0, 0
.	.	.	.	.	.	.	. PROC_SUBSYSTEM_MIV_RV32IMA_L1_AHB_0_MIV_RV32IMA_L1_AHB_ASYNC_RESET_REG_2_70, 1, 2, 0, 0, 0, 0, 0, 0, 0
.	.	.	.	.	.	.	. PROC_SUBSYSTEM_MIV_RV32IMA_L1_AHB_0_MIV_RV32IMA_L1_AHB_ASYNC_RESET_REG_2_71, 1, 4, 0, 0, 0, 0, 0, 0, 0
.	.	.	.	.	. PROC_SUBSYSTEM_MIV_RV32IMA_L1_AHB_0_MIV_RV32IMA_L1_AHB_NEGATIVE_EDGE_LATCH_1, 1, 0, 0, 0, 0, 0, 0, 0, 0
.	.	.	.	.	. PROC_SUBSYSTEM_MIV_RV32IMA_L1_AHB_0_MIV_RV32IMA_L1_AHB_NEGATIVE_EDGE_LATCH_2, 5, 0, 0, 0, 0, 0, 0, 0, 0
.	.	.	. PROC_SUBSYSTEM_MIV_RV32IMA_L1_AHB_0_MIV_RV32IMA_L1_AHB_INT_SYNC_CROSSING_SOURCE_2, 3, 0, 0, 0, 0, 0, 0, 0, 0
.	.	.	.	. PROC_SUBSYSTEM_MIV_RV32IMA_L1_AHB_0_MIV_RV32IMA_L1_AHB_ASYNC_RESET_REG_VEC_W1_I0_0_37, 1, 0, 0, 0, 0, 0, 0, 0, 0
.	.	.	.	.	. PROC_SUBSYSTEM_MIV_RV32IMA_L1_AHB_0_MIV_RV32IMA_L1_AHB_ASYNC_RESET_REG_42, 1, 0, 0, 0, 0, 0, 0, 0, 0
.	.	.	.	. PROC_SUBSYSTEM_MIV_RV32IMA_L1_AHB_0_MIV_RV32IMA_L1_AHB_ASYNC_RESET_REG_VEC_W2_I0, 2, 0, 0, 0, 0, 0, 0, 0, 0
.	.	.	.	.	. PROC_SUBSYSTEM_MIV_RV32IMA_L1_AHB_0_MIV_RV32IMA_L1_AHB_ASYNC_RESET_REG_40, 1, 0, 0, 0, 0, 0, 0, 0, 0
.	.	.	.	.	. PROC_SUBSYSTEM_MIV_RV32IMA_L1_AHB_0_MIV_RV32IMA_L1_AHB_ASYNC_RESET_REG_41, 1, 0, 0, 0, 0, 0, 0, 0, 0
.	.	.	. PROC_SUBSYSTEM_MIV_RV32IMA_L1_AHB_0_MIV_RV32IMA_L1_AHB_INT_XING, 6, 0, 0, 0, 0, 0, 0, 0, 0
.	.	.	.	. PROC_SUBSYSTEM_MIV_RV32IMA_L1_AHB_0_MIV_RV32IMA_L1_AHB_SYNCHRONIZER_SHIFT_REG_W31_D3, 6, 0, 0, 0, 0, 0, 0, 0, 0
.	.	.	. PROC_SUBSYSTEM_MIV_RV32IMA_L1_AHB_0_MIV_RV32IMA_L1_AHB_PERIPHERY_BUS_PBUS, 469, 1004, 32, 0, 0, 0, 0, 0, 0
.	.	.	.	. PROC_SUBSYSTEM_MIV_RV32IMA_L1_AHB_0_MIV_RV32IMA_L1_AHB_TLATOMIC_AUTOMATA_PERIPHERY_BUS_SLAVE_TLFRAGMENTER, 123, 435, 32, 0, 0, 0, 0, 0, 0
.	.	.	.	. PROC_SUBSYSTEM_MIV_RV32IMA_L1_AHB_0_MIV_RV32IMA_L1_AHB_TLBUFFER_PERIPHERY_BUS_SLAVE_TLFRAGMENTER, 226, 129, 0, 0, 0, 0, 0, 0, 0
.	.	.	.	.	. PROC_SUBSYSTEM_MIV_RV32IMA_L1_AHB_0_MIV_RV32IMA_L1_AHB_QUEUE_1_1_0, 81, 46, 0, 0, 0, 0, 0, 0, 0
.	.	.	.	.	. PROC_SUBSYSTEM_MIV_RV32IMA_L1_AHB_0_MIV_RV32IMA_L1_AHB_QUEUE_2, 145, 83, 0, 0, 0, 0, 0, 0, 0
.	.	.	.	. PROC_SUBSYSTEM_MIV_RV32IMA_L1_AHB_0_MIV_RV32IMA_L1_AHB_TLFRAGMENTER_PERIPHERY_BUS_SLAVE_TLFRAGMENTER, 111, 256, 0, 0, 0, 0, 0, 0, 0
.	.	.	.	.	. PROC_SUBSYSTEM_MIV_RV32IMA_L1_AHB_0_MIV_RV32IMA_L1_AHB_REPEATER_0, 24, 23, 0, 0, 0, 0, 0, 0, 0
.	.	.	.	.	. PROC_SUBSYSTEM_MIV_RV32IMA_L1_AHB_0_MIV_RV32IMA_L1_AHB_REPEATER_1, 34, 37, 0, 0, 0, 0, 0, 0, 0
.	.	.	.	.	. PROC_SUBSYSTEM_MIV_RV32IMA_L1_AHB_0_MIV_RV32IMA_L1_AHB_REPEATER_2, 20, 19, 0, 0, 0, 0, 0, 0, 0
.	.	.	.	. PROC_SUBSYSTEM_MIV_RV32IMA_L1_AHB_0_MIV_RV32IMA_L1_AHB_TLXBAR_PERIPHERY_BUS, 9, 184, 0, 0, 0, 0, 0, 0, 0
.	.	.	. PROC_SUBSYSTEM_MIV_RV32IMA_L1_AHB_0_MIV_RV32IMA_L1_AHB_RESET_CATCH_AND_SYNC_D3_1, 3, 3, 0, 0, 0, 0, 0, 0, 0
.	.	.	.	. PROC_SUBSYSTEM_MIV_RV32IMA_L1_AHB_0_MIV_RV32IMA_L1_AHB_ASYNC_RESET_SYNCHRONIZER_SHIFT_REG_W1_D3_I0_8_5, 3, 3, 0, 0, 0, 0, 0, 0, 0
.	.	.	.	.	. PROC_SUBSYSTEM_MIV_RV32IMA_L1_AHB_0_MIV_RV32IMA_L1_AHB_ASYNC_RESET_REG_VEC_W1_I0_1_2, 1, 0, 0, 0, 0, 0, 0, 0, 0
.	.	.	.	.	.	. PROC_SUBSYSTEM_MIV_RV32IMA_L1_AHB_0_MIV_RV32IMA_L1_AHB_ASYNC_RESET_REG_1_2, 1, 0, 0, 0, 0, 0, 0, 0, 0
.	.	.	.	.	. PROC_SUBSYSTEM_MIV_RV32IMA_L1_AHB_0_MIV_RV32IMA_L1_AHB_ASYNC_RESET_REG_VEC_W1_I0_2_36, 1, 2, 0, 0, 0, 0, 0, 0, 0
.	.	.	.	.	.	. PROC_SUBSYSTEM_MIV_RV32IMA_L1_AHB_0_MIV_RV32IMA_L1_AHB_ASYNC_RESET_REG_2_72, 1, 2, 0, 0, 0, 0, 0, 0, 0
.	.	.	.	.	. PROC_SUBSYSTEM_MIV_RV32IMA_L1_AHB_0_MIV_RV32IMA_L1_AHB_ASYNC_RESET_REG_VEC_W1_I0_2_37, 1, 1, 0, 0, 0, 0, 0, 0, 0
.	.	.	.	.	.	. PROC_SUBSYSTEM_MIV_RV32IMA_L1_AHB_0_MIV_RV32IMA_L1_AHB_ASYNC_RESET_REG_2_73, 1, 1, 0, 0, 0, 0, 0, 0, 0
.	.	.	. PROC_SUBSYSTEM_MIV_RV32IMA_L1_AHB_0_MIV_RV32IMA_L1_AHB_ROCKET_TILE_0s, 2261, 4781, 575, 0, 2, 14, 2, 0, 0
.	.	.	.	. PROC_SUBSYSTEM_MIV_RV32IMA_L1_AHB_0_MIV_RV32IMA_L1_AHB_DCACHE_DCACHE_0s, 416, 809, 129, 0, 0, 9, 0, 0, 0
.	.	.	.	.	. PROC_SUBSYSTEM_MIV_RV32IMA_L1_AHB_0_MIV_RV32IMA_L1_AHB_AMOALU, 0, 184, 70, 0, 0, 0, 0, 0, 0
.	.	.	.	.	. PROC_SUBSYSTEM_MIV_RV32IMA_L1_AHB_0_MIV_RV32IMA_L1_AHB_ARBITER, 0, 96, 0, 0, 0, 0, 0, 0, 0
.	.	.	.	.	. PROC_SUBSYSTEM_MIV_RV32IMA_L1_AHB_0_MIV_RV32IMA_L1_AHB_ARBITER_1, 0, 141, 4, 0, 0, 0, 0, 0, 0
.	.	.	.	.	. PROC_SUBSYSTEM_MIV_RV32IMA_L1_AHB_0_MIV_RV32IMA_L1_AHB_DCACHE_DATA_ARRAY_0s, 14, 36, 0, 0, 0, 8, 0, 0, 0
.	.	.	.	.	.	. PROC_SUBSYSTEM_MIV_RV32IMA_L1_AHB_0_MIV_RV32IMA_L1_AHB_DATA_ARRAYS_0_0s, 14, 36, 0, 0, 0, 8, 0, 0, 0
.	.	.	.	.	.	.	. PROC_SUBSYSTEM_MIV_RV32IMA_L1_AHB_0_MIV_RV32IMA_L1_AHB_DATA_ARRAYS_0_EXT_0s, 14, 36, 0, 0, 0, 8, 0, 0, 0
.	.	.	.	.	.	.	.	. PROC_SUBSYSTEM_MIV_RV32IMA_L1_AHB_0_RAM_2048x8_ECC_0s, 0, 0, 0, 0, 0, 2, 0, 0, 0
.	.	.	.	.	.	.	.	. PROC_SUBSYSTEM_MIV_RV32IMA_L1_AHB_0_RAM_2048x8_ECC_0s_0, 2, 0, 0, 0, 0, 2, 0, 0, 0
.	.	.	.	.	.	.	.	. PROC_SUBSYSTEM_MIV_RV32IMA_L1_AHB_0_RAM_2048x8_ECC_0s_1, 0, 0, 0, 0, 0, 2, 0, 0, 0
.	.	.	.	.	.	.	.	. PROC_SUBSYSTEM_MIV_RV32IMA_L1_AHB_0_RAM_2048x8_ECC_0s_2, 0, 0, 0, 0, 0, 2, 0, 0, 0
.	.	.	.	.	. PROC_SUBSYSTEM_MIV_RV32IMA_L1_AHB_0_MIV_RV32IMA_L1_AHB_TAG_ARRAY_0s, 8, 14, 0, 0, 0, 1, 0, 0, 0
.	.	.	.	.	.	. PROC_SUBSYSTEM_MIV_RV32IMA_L1_AHB_0_MIV_RV32IMA_L1_AHB_TAG_ARRAY_EXT_0s, 8, 14, 0, 0, 0, 1, 0, 0, 0
.	.	.	.	.	.	.	. PROC_SUBSYSTEM_MIV_RV32IMA_L1_AHB_0_RAM_128x21_ECC_0s, 0, 3, 0, 0, 0, 1, 0, 0, 0
.	.	.	.	.	. PROC_SUBSYSTEM_MIV_RV32IMA_L1_AHB_0_MIV_RV32IMA_L1_AHB_TLB, 0, 32, 0, 0, 0, 0, 0, 0, 0
.	.	.	.	. PROC_SUBSYSTEM_MIV_RV32IMA_L1_AHB_0_MIV_RV32IMA_L1_AHB_FRONTEND_FRONTEND_0s, 620, 978, 54, 0, 0, 5, 0, 0, 0
.	.	.	.	.	. PROC_SUBSYSTEM_MIV_RV32IMA_L1_AHB_0_MIV_RV32IMA_L1_AHB_ICACHE_ICACHE_0s, 224, 483, 24, 0, 0, 5, 0, 0, 0
.	.	.	.	.	.	. PROC_SUBSYSTEM_MIV_RV32IMA_L1_AHB_0_MIV_RV32IMA_L1_AHB_DATA_ARRAYS_0_0_0s, 14, 31, 0, 0, 0, 4, 0, 0, 0
.	.	.	.	.	.	.	. PROC_SUBSYSTEM_MIV_RV32IMA_L1_AHB_0_MIV_RV32IMA_L1_AHB_DATA_ARRAYS_0_0_EXT_0s, 14, 31, 0, 0, 0, 4, 0, 0, 0
.	.	.	.	.	.	.	.	. PROC_SUBSYSTEM_MIV_RV32IMA_L1_AHB_0_RAM_2048x32_ECC_0s, 2, 1, 0, 0, 0, 4, 0, 0, 0
.	.	.	.	.	.	. PROC_SUBSYSTEM_MIV_RV32IMA_L1_AHB_0_MIV_RV32IMA_L1_AHB_TAG_ARRAY_0_0s, 7, 23, 0, 0, 0, 1, 0, 0, 0
.	.	.	.	.	.	.	. PROC_SUBSYSTEM_MIV_RV32IMA_L1_AHB_0_MIV_RV32IMA_L1_AHB_TAG_ARRAY_0_EXT_0s, 7, 23, 0, 0, 0, 1, 0, 0, 0
.	.	.	.	.	.	.	.	. PROC_SUBSYSTEM_MIV_RV32IMA_L1_AHB_0_RAM_128x20_ECC_0s, 0, 8, 0, 0, 0, 1, 0, 0, 0
.	.	.	.	.	. PROC_SUBSYSTEM_MIV_RV32IMA_L1_AHB_0_MIV_RV32IMA_L1_AHB_SHIFT_QUEUE, 328, 351, 0, 0, 0, 0, 0, 0, 0
.	.	.	.	.	. PROC_SUBSYSTEM_MIV_RV32IMA_L1_AHB_0_MIV_RV32IMA_L1_AHB_TLB_1, 0, 11, 0, 0, 0, 0, 0, 0, 0
.	.	.	.	. PROC_SUBSYSTEM_MIV_RV32IMA_L1_AHB_0_MIV_RV32IMA_L1_AHB_INT_SYNC_CROSSING_SINK, 3, 0, 0, 0, 0, 0, 0, 0, 0
.	.	.	.	.	. PROC_SUBSYSTEM_MIV_RV32IMA_L1_AHB_0_MIV_RV32IMA_L1_AHB_SYNCHRONIZER_SHIFT_REG_W1_D3, 3, 0, 0, 0, 0, 0, 0, 0, 0
.	.	.	.	. PROC_SUBSYSTEM_MIV_RV32IMA_L1_AHB_0_MIV_RV32IMA_L1_AHB_ROCKET, 840, 2656, 382, 0, 2, 0, 2, 0, 0
.	.	.	.	.	. PROC_SUBSYSTEM_MIV_RV32IMA_L1_AHB_0_MIV_RV32IMA_L1_AHB_ALU, 0, 468, 33, 0, 0, 0, 0, 0, 0
.	.	.	.	.	. PROC_SUBSYSTEM_MIV_RV32IMA_L1_AHB_0_MIV_RV32IMA_L1_AHB_BREAKPOINT_UNIT, 0, 50, 192, 0, 0, 0, 0, 0, 0
.	.	.	.	.	. PROC_SUBSYSTEM_MIV_RV32IMA_L1_AHB_0_MIV_RV32IMA_L1_AHB_CSRFILE, 287, 546, 0, 0, 0, 0, 0, 0, 0
.	.	.	.	.	. PROC_SUBSYSTEM_MIV_RV32IMA_L1_AHB_0_MIV_RV32IMA_L1_AHB_IBUF, 0, 1, 0, 0, 0, 0, 0, 0, 0
.	.	.	.	.	. PROC_SUBSYSTEM_MIV_RV32IMA_L1_AHB_0_MIV_RV32IMA_L1_AHB_MUL_DIV, 120, 282, 121, 0, 2, 0, 0, 0, 0
.	.	.	.	. PROC_SUBSYSTEM_MIV_RV32IMA_L1_AHB_0_MIV_RV32IMA_L1_AHB_TLBUFFER_SYSTEM_BUS, 369, 194, 0, 0, 0, 0, 0, 0, 0
.	.	.	.	.	. PROC_SUBSYSTEM_MIV_RV32IMA_L1_AHB_0_MIV_RV32IMA_L1_AHB_QUEUE_11, 161, 77, 0, 0, 0, 0, 0, 0, 0
.	.	.	.	.	. PROC_SUBSYSTEM_MIV_RV32IMA_L1_AHB_0_MIV_RV32IMA_L1_AHB_QUEUE_14, 123, 69, 0, 0, 0, 0, 0, 0, 0
.	.	.	.	.	. PROC_SUBSYSTEM_MIV_RV32IMA_L1_AHB_0_MIV_RV32IMA_L1_AHB_QUEUE_6_2, 85, 48, 0, 0, 0, 0, 0, 0, 0
.	.	.	.	. PROC_SUBSYSTEM_MIV_RV32IMA_L1_AHB_0_MIV_RV32IMA_L1_AHB_TLXBAR_TL_MASTER_XBAR, 13, 144, 10, 0, 0, 0, 0, 0, 0
.	.	.	. PROC_SUBSYSTEM_MIV_RV32IMA_L1_AHB_0_MIV_RV32IMA_L1_AHB_SYSTEM_BUS_SBUS, 570, 822, 50, 0, 0, 0, 0, 0, 0
.	.	.	.	. PROC_SUBSYSTEM_MIV_RV32IMA_L1_AHB_0_MIV_RV32IMA_L1_AHB_SIMPLE_LAZY_MODULE_SYSTEM_BUS_FROM_TILE, 67, 365, 40, 0, 0, 0, 0, 0, 0
.	.	.	.	.	. PROC_SUBSYSTEM_MIV_RV32IMA_L1_AHB_0_MIV_RV32IMA_L1_AHB_TLCACHE_CORK_SYSTEM_BUS, 43, 301, 20, 0, 0, 0, 0, 0, 0
.	.	.	.	.	.	. PROC_SUBSYSTEM_MIV_RV32IMA_L1_AHB_0_MIV_RV32IMA_L1_AHB_QUEUE_6_0, 13, 12, 0, 0, 0, 0, 0, 0, 0
.	.	.	.	.	.	. PROC_SUBSYSTEM_MIV_RV32IMA_L1_AHB_0_MIV_RV32IMA_L1_AHB_QUEUE_6_1, 5, 14, 0, 0, 0, 0, 0, 0, 0
.	.	.	.	.	. PROC_SUBSYSTEM_MIV_RV32IMA_L1_AHB_0_MIV_RV32IMA_L1_AHB_TLFIFOFIXER_SYSTEM_BUS, 24, 64, 20, 0, 0, 0, 0, 0, 0
.	.	.	.	. PROC_SUBSYSTEM_MIV_RV32IMA_L1_AHB_0_MIV_RV32IMA_L1_AHB_TLBUFFER_SYSTEM_BUS_SLAVE_TLBUFFER, 474, 263, 0, 0, 0, 0, 0, 0, 0
.	.	.	.	.	. PROC_SUBSYSTEM_MIV_RV32IMA_L1_AHB_0_MIV_RV32IMA_L1_AHB_QUEUE_0, 111, 59, 0, 0, 0, 0, 0, 0, 0
.	.	.	.	.	. PROC_SUBSYSTEM_MIV_RV32IMA_L1_AHB_0_MIV_RV32IMA_L1_AHB_QUEUE_1, 155, 85, 0, 0, 0, 0, 0, 0, 0
.	.	.	.	.	. PROC_SUBSYSTEM_MIV_RV32IMA_L1_AHB_0_MIV_RV32IMA_L1_AHB_QUEUE_1_0, 83, 46, 0, 0, 0, 0, 0, 0, 0
.	.	.	.	.	. PROC_SUBSYSTEM_MIV_RV32IMA_L1_AHB_0_MIV_RV32IMA_L1_AHB_QUEUE_1_1, 81, 43, 0, 0, 0, 0, 0, 0, 0
.	.	.	.	.	. PROC_SUBSYSTEM_MIV_RV32IMA_L1_AHB_0_MIV_RV32IMA_L1_AHB_QUEUE_4, 21, 16, 0, 0, 0, 0, 0, 0, 0
.	.	.	.	.	. PROC_SUBSYSTEM_MIV_RV32IMA_L1_AHB_0_MIV_RV32IMA_L1_AHB_QUEUE_5, 23, 14, 0, 0, 0, 0, 0, 0, 0
.	.	.	.	. PROC_SUBSYSTEM_MIV_RV32IMA_L1_AHB_0_MIV_RV32IMA_L1_AHB_TLFIFOFIXER_SYSTEM_BUS_PBUS_TLFIFOFIXER, 12, 44, 0, 0, 0, 0, 0, 0, 0
.	.	.	.	. PROC_SUBSYSTEM_MIV_RV32IMA_L1_AHB_0_MIV_RV32IMA_L1_AHB_TLXBAR_SYSTEM_BUS, 17, 150, 10, 0, 0, 0, 0, 0, 0
.	.	.	. PROC_SUBSYSTEM_MIV_RV32IMA_L1_AHB_0_MIV_RV32IMA_L1_AHB_TLDEBUG_MODULE_DEBUG, 799, 1856, 18, 0, 0, 0, 0, 0, 0
.	.	.	.	. PROC_SUBSYSTEM_MIV_RV32IMA_L1_AHB_0_MIV_RV32IMA_L1_AHB_TLDEBUG_MODULE_INNER_ASYNC_DM_INNER, 674, 1772, 18, 0, 0, 0, 0, 0, 0
.	.	.	.	.	. PROC_SUBSYSTEM_MIV_RV32IMA_L1_AHB_0_MIV_RV32IMA_L1_AHB_ASYNC_QUEUE_SINK_2, 25, 9, 0, 0, 0, 0, 0, 0, 0
.	.	.	.	.	.	. PROC_SUBSYSTEM_MIV_RV32IMA_L1_AHB_0_MIV_RV32IMA_L1_AHB_ASYNC_RESET_REG_VEC_W1_I0_0_23, 1, 0, 0, 0, 0, 0, 0, 0, 0
.	.	.	.	.	.	.	. PROC_SUBSYSTEM_MIV_RV32IMA_L1_AHB_0_MIV_RV32IMA_L1_AHB_ASYNC_RESET_REG_26, 1, 0, 0, 0, 0, 0, 0, 0, 0
.	.	.	.	.	.	. PROC_SUBSYSTEM_MIV_RV32IMA_L1_AHB_0_MIV_RV32IMA_L1_AHB_ASYNC_RESET_REG_VEC_W1_I0_0_27, 1, 0, 0, 0, 0, 0, 0, 0, 0
.	.	.	.	.	.	.	. PROC_SUBSYSTEM_MIV_RV32IMA_L1_AHB_0_MIV_RV32IMA_L1_AHB_ASYNC_RESET_REG_30, 1, 0, 0, 0, 0, 0, 0, 0, 0
.	.	.	.	.	.	. PROC_SUBSYSTEM_MIV_RV32IMA_L1_AHB_0_MIV_RV32IMA_L1_AHB_ASYNC_RESET_SYNCHRONIZER_SHIFT_REG_W1_D3_I0_4, 3, 0, 0, 0, 0, 0, 0, 0, 0
.	.	.	.	.	.	.	. PROC_SUBSYSTEM_MIV_RV32IMA_L1_AHB_0_MIV_RV32IMA_L1_AHB_ASYNC_RESET_REG_VEC_W1_I0_0_24, 1, 0, 0, 0, 0, 0, 0, 0, 0
.	.	.	.	.	.	.	.	. PROC_SUBSYSTEM_MIV_RV32IMA_L1_AHB_0_MIV_RV32IMA_L1_AHB_ASYNC_RESET_REG_27, 1, 0, 0, 0, 0, 0, 0, 0, 0
.	.	.	.	.	.	.	. PROC_SUBSYSTEM_MIV_RV32IMA_L1_AHB_0_MIV_RV32IMA_L1_AHB_ASYNC_RESET_REG_VEC_W1_I0_0_25, 1, 0, 0, 0, 0, 0, 0, 0, 0
.	.	.	.	.	.	.	.	. PROC_SUBSYSTEM_MIV_RV32IMA_L1_AHB_0_MIV_RV32IMA_L1_AHB_ASYNC_RESET_REG_28, 1, 0, 0, 0, 0, 0, 0, 0, 0
.	.	.	.	.	.	.	. PROC_SUBSYSTEM_MIV_RV32IMA_L1_AHB_0_MIV_RV32IMA_L1_AHB_ASYNC_RESET_REG_VEC_W1_I0_0_26, 1, 0, 0, 0, 0, 0, 0, 0, 0
.	.	.	.	.	.	.	.	. PROC_SUBSYSTEM_MIV_RV32IMA_L1_AHB_0_MIV_RV32IMA_L1_AHB_ASYNC_RESET_REG_29, 1, 0, 0, 0, 0, 0, 0, 0, 0
.	.	.	.	.	.	. PROC_SUBSYSTEM_MIV_RV32IMA_L1_AHB_0_MIV_RV32IMA_L1_AHB_ASYNC_VALID_SYNC_3_1, 4, 4, 0, 0, 0, 0, 0, 0, 0
.	.	.	.	.	.	.	. PROC_SUBSYSTEM_MIV_RV32IMA_L1_AHB_0_MIV_RV32IMA_L1_AHB_ASYNC_RESET_SYNCHRONIZER_SHIFT_REG_W1_D4_I0_2, 4, 4, 0, 0, 0, 0, 0, 0, 0
.	.	.	.	.	.	.	.	. PROC_SUBSYSTEM_MIV_RV32IMA_L1_AHB_0_MIV_RV32IMA_L1_AHB_ASYNC_RESET_REG_VEC_W1_I0_0_28, 1, 2, 0, 0, 0, 0, 0, 0, 0
.	.	.	.	.	.	.	.	.	. PROC_SUBSYSTEM_MIV_RV32IMA_L1_AHB_0_MIV_RV32IMA_L1_AHB_ASYNC_RESET_REG_31, 1, 2, 0, 0, 0, 0, 0, 0, 0
.	.	.	.	.	.	.	.	. PROC_SUBSYSTEM_MIV_RV32IMA_L1_AHB_0_MIV_RV32IMA_L1_AHB_ASYNC_RESET_REG_VEC_W1_I0_0_29, 1, 1, 0, 0, 0, 0, 0, 0, 0
.	.	.	.	.	.	.	.	.	. PROC_SUBSYSTEM_MIV_RV32IMA_L1_AHB_0_MIV_RV32IMA_L1_AHB_ASYNC_RESET_REG_32, 1, 1, 0, 0, 0, 0, 0, 0, 0
.	.	.	.	.	.	.	.	. PROC_SUBSYSTEM_MIV_RV32IMA_L1_AHB_0_MIV_RV32IMA_L1_AHB_ASYNC_RESET_REG_VEC_W1_I0_0_30, 1, 1, 0, 0, 0, 0, 0, 0, 0
.	.	.	.	.	.	.	.	.	. PROC_SUBSYSTEM_MIV_RV32IMA_L1_AHB_0_MIV_RV32IMA_L1_AHB_ASYNC_RESET_REG_33, 1, 1, 0, 0, 0, 0, 0, 0, 0
.	.	.	.	.	.	.	.	. PROC_SUBSYSTEM_MIV_RV32IMA_L1_AHB_0_MIV_RV32IMA_L1_AHB_ASYNC_RESET_REG_VEC_W1_I0_4, 1, 0, 0, 0, 0, 0, 0, 0, 0
.	.	.	.	.	.	.	.	.	. PROC_SUBSYSTEM_MIV_RV32IMA_L1_AHB_0_MIV_RV32IMA_L1_AHB_ASYNC_RESET_REG_0_1, 1, 0, 0, 0, 0, 0, 0, 0, 0
.	.	.	.	.	.	. PROC_SUBSYSTEM_MIV_RV32IMA_L1_AHB_0_MIV_RV32IMA_L1_AHB_ASYNC_VALID_SYNC_4_1, 1, 1, 0, 0, 0, 0, 0, 0, 0
.	.	.	.	.	.	.	. PROC_SUBSYSTEM_MIV_RV32IMA_L1_AHB_0_MIV_RV32IMA_L1_AHB_ASYNC_RESET_SYNCHRONIZER_SHIFT_REG_W1_D1_I0_2, 1, 1, 0, 0, 0, 0, 0, 0, 0
.	.	.	.	.	.	.	.	. PROC_SUBSYSTEM_MIV_RV32IMA_L1_AHB_0_MIV_RV32IMA_L1_AHB_ASYNC_RESET_REG_VEC_W1_I0_0_31, 1, 1, 0, 0, 0, 0, 0, 0, 0
.	.	.	.	.	.	.	.	.	. PROC_SUBSYSTEM_MIV_RV32IMA_L1_AHB_0_MIV_RV32IMA_L1_AHB_ASYNC_RESET_REG_34, 1, 1, 0, 0, 0, 0, 0, 0, 0
.	.	.	.	.	.	. PROC_SUBSYSTEM_MIV_RV32IMA_L1_AHB_0_MIV_RV32IMA_L1_AHB_ASYNC_VALID_SYNC_5_1, 3, 0, 0, 0, 0, 0, 0, 0, 0
.	.	.	.	.	.	.	. PROC_SUBSYSTEM_MIV_RV32IMA_L1_AHB_0_MIV_RV32IMA_L1_AHB_ASYNC_RESET_SYNCHRONIZER_SHIFT_REG_W1_D3_I0_5, 3, 0, 0, 0, 0, 0, 0, 0, 0
.	.	.	.	.	.	.	.	. PROC_SUBSYSTEM_MIV_RV32IMA_L1_AHB_0_MIV_RV32IMA_L1_AHB_ASYNC_RESET_REG_VEC_W1_I0_0_32, 1, 0, 0, 0, 0, 0, 0, 0, 0
.	.	.	.	.	.	.	.	.	. PROC_SUBSYSTEM_MIV_RV32IMA_L1_AHB_0_MIV_RV32IMA_L1_AHB_ASYNC_RESET_REG_35, 1, 0, 0, 0, 0, 0, 0, 0, 0
.	.	.	.	.	.	.	.	. PROC_SUBSYSTEM_MIV_RV32IMA_L1_AHB_0_MIV_RV32IMA_L1_AHB_ASYNC_RESET_REG_VEC_W1_I0_0_33, 1, 0, 0, 0, 0, 0, 0, 0, 0
.	.	.	.	.	.	.	.	.	. PROC_SUBSYSTEM_MIV_RV32IMA_L1_AHB_0_MIV_RV32IMA_L1_AHB_ASYNC_RESET_REG_36, 1, 0, 0, 0, 0, 0, 0, 0, 0
.	.	.	.	.	.	.	.	. PROC_SUBSYSTEM_MIV_RV32IMA_L1_AHB_0_MIV_RV32IMA_L1_AHB_ASYNC_RESET_REG_VEC_W1_I0_0_34, 1, 0, 0, 0, 0, 0, 0, 0, 0
.	.	.	.	.	.	.	.	.	. PROC_SUBSYSTEM_MIV_RV32IMA_L1_AHB_0_MIV_RV32IMA_L1_AHB_ASYNC_RESET_REG_37, 1, 0, 0, 0, 0, 0, 0, 0, 0
.	.	.	.	.	.	. PROC_SUBSYSTEM_MIV_RV32IMA_L1_AHB_0_MIV_RV32IMA_L1_AHB_SYNCHRONIZER_SHIFT_REG_W12_D1, 12, 0, 0, 0, 0, 0, 0, 0, 0
.	.	.	.	.	. PROC_SUBSYSTEM_MIV_RV32IMA_L1_AHB_0_MIV_RV32IMA_L1_AHB_RESET_CATCH_AND_SYNC_D3_0, 3, 3, 0, 0, 0, 0, 0, 0, 0
.	.	.	.	.	.	. PROC_SUBSYSTEM_MIV_RV32IMA_L1_AHB_0_MIV_RV32IMA_L1_AHB_ASYNC_RESET_SYNCHRONIZER_SHIFT_REG_W1_D3_I0_8_4, 3, 3, 0, 0, 0, 0, 0, 0, 0
.	.	.	.	.	.	.	. PROC_SUBSYSTEM_MIV_RV32IMA_L1_AHB_0_MIV_RV32IMA_L1_AHB_ASYNC_RESET_REG_VEC_W1_I0_0_35, 1, 2, 0, 0, 0, 0, 0, 0, 0
.	.	.	.	.	.	.	.	. PROC_SUBSYSTEM_MIV_RV32IMA_L1_AHB_0_MIV_RV32IMA_L1_AHB_ASYNC_RESET_REG_38, 1, 2, 0, 0, 0, 0, 0, 0, 0
.	.	.	.	.	.	.	. PROC_SUBSYSTEM_MIV_RV32IMA_L1_AHB_0_MIV_RV32IMA_L1_AHB_ASYNC_RESET_REG_VEC_W1_I0_0_36, 1, 1, 0, 0, 0, 0, 0, 0, 0
.	.	.	.	.	.	.	.	. PROC_SUBSYSTEM_MIV_RV32IMA_L1_AHB_0_MIV_RV32IMA_L1_AHB_ASYNC_RESET_REG_39, 1, 1, 0, 0, 0, 0, 0, 0, 0
.	.	.	.	.	.	.	. PROC_SUBSYSTEM_MIV_RV32IMA_L1_AHB_0_MIV_RV32IMA_L1_AHB_ASYNC_RESET_REG_VEC_W1_I0_5, 1, 0, 0, 0, 0, 0, 0, 0, 0
.	.	.	.	.	.	.	.	. PROC_SUBSYSTEM_MIV_RV32IMA_L1_AHB_0_MIV_RV32IMA_L1_AHB_ASYNC_RESET_REG_0_2, 1, 0, 0, 0, 0, 0, 0, 0, 0
.	.	.	.	.	. PROC_SUBSYSTEM_MIV_RV32IMA_L1_AHB_0_MIV_RV32IMA_L1_AHB_TLASYNC_CROSSING_SINK_DMI_XING, 83, 4, 0, 0, 0, 0, 0, 0, 0
.	.	.	.	.	.	. PROC_SUBSYSTEM_MIV_RV32IMA_L1_AHB_0_MIV_RV32IMA_L1_AHB_ASYNC_QUEUE_SINK_1, 46, 2, 0, 0, 0, 0, 0, 0, 0
.	.	.	.	.	.	.	. PROC_SUBSYSTEM_MIV_RV32IMA_L1_AHB_0_MIV_RV32IMA_L1_AHB_ASYNC_RESET_REG_VEC_W1_I0_0, 1, 0, 0, 0, 0, 0, 0, 0, 0
.	.	.	.	.	.	.	.	. PROC_SUBSYSTEM_MIV_RV32IMA_L1_AHB_0_MIV_RV32IMA_L1_AHB_ASYNC_RESET_REG, 1, 0, 0, 0, 0, 0, 0, 0, 0
.	.	.	.	.	.	.	. PROC_SUBSYSTEM_MIV_RV32IMA_L1_AHB_0_MIV_RV32IMA_L1_AHB_ASYNC_RESET_REG_VEC_W1_I0_0_3, 1, 0, 0, 0, 0, 0, 0, 0, 0
.	.	.	.	.	.	.	.	. PROC_SUBSYSTEM_MIV_RV32IMA_L1_AHB_0_MIV_RV32IMA_L1_AHB_ASYNC_RESET_REG_6, 1, 0, 0, 0, 0, 0, 0, 0, 0
.	.	.	.	.	.	.	. PROC_SUBSYSTEM_MIV_RV32IMA_L1_AHB_0_MIV_RV32IMA_L1_AHB_ASYNC_RESET_SYNCHRONIZER_SHIFT_REG_W1_D3_I0, 3, 0, 0, 0, 0, 0, 0, 0, 0
.	.	.	.	.	.	.	.	. PROC_SUBSYSTEM_MIV_RV32IMA_L1_AHB_0_MIV_RV32IMA_L1_AHB_ASYNC_RESET_REG_VEC_W1_I0_0_0, 1, 0, 0, 0, 0, 0, 0, 0, 0
.	.	.	.	.	.	.	.	.	. PROC_SUBSYSTEM_MIV_RV32IMA_L1_AHB_0_MIV_RV32IMA_L1_AHB_ASYNC_RESET_REG_3, 1, 0, 0, 0, 0, 0, 0, 0, 0
.	.	.	.	.	.	.	.	. PROC_SUBSYSTEM_MIV_RV32IMA_L1_AHB_0_MIV_RV32IMA_L1_AHB_ASYNC_RESET_REG_VEC_W1_I0_0_1, 1, 0, 0, 0, 0, 0, 0, 0, 0
.	.	.	.	.	.	.	.	.	. PROC_SUBSYSTEM_MIV_RV32IMA_L1_AHB_0_MIV_RV32IMA_L1_AHB_ASYNC_RESET_REG_4, 1, 0, 0, 0, 0, 0, 0, 0, 0
.	.	.	.	.	.	.	.	. PROC_SUBSYSTEM_MIV_RV32IMA_L1_AHB_0_MIV_RV32IMA_L1_AHB_ASYNC_RESET_REG_VEC_W1_I0_0_2, 1, 0, 0, 0, 0, 0, 0, 0, 0
.	.	.	.	.	.	.	.	.	. PROC_SUBSYSTEM_MIV_RV32IMA_L1_AHB_0_MIV_RV32IMA_L1_AHB_ASYNC_RESET_REG_5, 1, 0, 0, 0, 0, 0, 0, 0, 0
.	.	.	.	.	.	.	. PROC_SUBSYSTEM_MIV_RV32IMA_L1_AHB_0_MIV_RV32IMA_L1_AHB_SYNCHRONIZER_SHIFT_REG_W54_D1, 41, 0, 0, 0, 0, 0, 0, 0, 0
.	.	.	.	.	.	. PROC_SUBSYSTEM_MIV_RV32IMA_L1_AHB_0_MIV_RV32IMA_L1_AHB_ASYNC_QUEUE_SOURCE_2, 37, 2, 0, 0, 0, 0, 0, 0, 0
.	.	.	.	.	.	.	. PROC_SUBSYSTEM_MIV_RV32IMA_L1_AHB_0_MIV_RV32IMA_L1_AHB_ASYNC_RESET_REG_VEC_W1_I0_0_11, 1, 0, 0, 0, 0, 0, 0, 0, 0
.	.	.	.	.	.	.	.	. PROC_SUBSYSTEM_MIV_RV32IMA_L1_AHB_0_MIV_RV32IMA_L1_AHB_ASYNC_RESET_REG_14, 1, 0, 0, 0, 0, 0, 0, 0, 0
.	.	.	.	.	.	.	. PROC_SUBSYSTEM_MIV_RV32IMA_L1_AHB_0_MIV_RV32IMA_L1_AHB_ASYNC_RESET_REG_VEC_W1_I0_0_15, 1, 0, 0, 0, 0, 0, 0, 0, 0
.	.	.	.	.	.	.	.	. PROC_SUBSYSTEM_MIV_RV32IMA_L1_AHB_0_MIV_RV32IMA_L1_AHB_ASYNC_RESET_REG_18, 1, 0, 0, 0, 0, 0, 0, 0, 0
.	.	.	.	.	.	.	. PROC_SUBSYSTEM_MIV_RV32IMA_L1_AHB_0_MIV_RV32IMA_L1_AHB_ASYNC_RESET_SYNCHRONIZER_SHIFT_REG_W1_D3_I0_2, 3, 0, 0, 0, 0, 0, 0, 0, 0
.	.	.	.	.	.	.	.	. PROC_SUBSYSTEM_MIV_RV32IMA_L1_AHB_0_MIV_RV32IMA_L1_AHB_ASYNC_RESET_REG_VEC_W1_I0_0_12, 1, 0, 0, 0, 0, 0, 0, 0, 0
.	.	.	.	.	.	.	.	.	. PROC_SUBSYSTEM_MIV_RV32IMA_L1_AHB_0_MIV_RV32IMA_L1_AHB_ASYNC_RESET_REG_15, 1, 0, 0, 0, 0, 0, 0, 0, 0
.	.	.	.	.	.	.	.	. PROC_SUBSYSTEM_MIV_RV32IMA_L1_AHB_0_MIV_RV32IMA_L1_AHB_ASYNC_RESET_REG_VEC_W1_I0_0_13, 1, 0, 0, 0, 0, 0, 0, 0, 0
.	.	.	.	.	.	.	.	.	. PROC_SUBSYSTEM_MIV_RV32IMA_L1_AHB_0_MIV_RV32IMA_L1_AHB_ASYNC_RESET_REG_16, 1, 0, 0, 0, 0, 0, 0, 0, 0
.	.	.	.	.	.	.	.	. PROC_SUBSYSTEM_MIV_RV32IMA_L1_AHB_0_MIV_RV32IMA_L1_AHB_ASYNC_RESET_REG_VEC_W1_I0_0_14, 1, 0, 0, 0, 0, 0, 0, 0, 0
.	.	.	.	.	.	.	.	.	. PROC_SUBSYSTEM_MIV_RV32IMA_L1_AHB_0_MIV_RV32IMA_L1_AHB_ASYNC_RESET_REG_17, 1, 0, 0, 0, 0, 0, 0, 0, 0
.	.	.	.	.	. PROC_SUBSYSTEM_MIV_RV32IMA_L1_AHB_0_MIV_RV32IMA_L1_AHB_TLDEBUG_MODULE_INNER_DM_INNER, 563, 1756, 18, 0, 0, 0, 0, 0, 0
.	.	.	.	. PROC_SUBSYSTEM_MIV_RV32IMA_L1_AHB_0_MIV_RV32IMA_L1_AHB_TLDEBUG_MODULE_OUTER_ASYNC_DM_OUTER, 125, 84, 0, 0, 0, 0, 0, 0, 0
.	.	.	.	.	. PROC_SUBSYSTEM_MIV_RV32IMA_L1_AHB_0_MIV_RV32IMA_L1_AHB_ASYNC_QUEUE_SOURCE_1, 19, 18, 0, 0, 0, 0, 0, 0, 0
.	.	.	.	.	.	. PROC_SUBSYSTEM_MIV_RV32IMA_L1_AHB_0_MIV_RV32IMA_L1_AHB_ASYNC_RESET_REG_VEC_W1_I0_2_24, 1, 1, 0, 0, 0, 0, 0, 0, 0
.	.	.	.	.	.	.	. PROC_SUBSYSTEM_MIV_RV32IMA_L1_AHB_0_MIV_RV32IMA_L1_AHB_ASYNC_RESET_REG_2_56, 1, 1, 0, 0, 0, 0, 0, 0, 0
.	.	.	.	.	.	. PROC_SUBSYSTEM_MIV_RV32IMA_L1_AHB_0_MIV_RV32IMA_L1_AHB_ASYNC_RESET_REG_VEC_W1_I0_2_28, 1, 2, 0, 0, 0, 0, 0, 0, 0
.	.	.	.	.	.	.	. PROC_SUBSYSTEM_MIV_RV32IMA_L1_AHB_0_MIV_RV32IMA_L1_AHB_ASYNC_RESET_REG_2_60, 1, 2, 0, 0, 0, 0, 0, 0, 0
.	.	.	.	.	.	. PROC_SUBSYSTEM_MIV_RV32IMA_L1_AHB_0_MIV_RV32IMA_L1_AHB_ASYNC_RESET_SYNCHRONIZER_SHIFT_REG_W1_D3_I0_0_3, 3, 0, 0, 0, 0, 0, 0, 0, 0
.	.	.	.	.	.	.	. PROC_SUBSYSTEM_MIV_RV32IMA_L1_AHB_0_MIV_RV32IMA_L1_AHB_ASYNC_RESET_REG_VEC_W1_I0_2_25, 1, 0, 0, 0, 0, 0, 0, 0, 0
.	.	.	.	.	.	.	.	. PROC_SUBSYSTEM_MIV_RV32IMA_L1_AHB_0_MIV_RV32IMA_L1_AHB_ASYNC_RESET_REG_2_57, 1, 0, 0, 0, 0, 0, 0, 0, 0
.	.	.	.	.	.	.	. PROC_SUBSYSTEM_MIV_RV32IMA_L1_AHB_0_MIV_RV32IMA_L1_AHB_ASYNC_RESET_REG_VEC_W1_I0_2_26, 1, 0, 0, 0, 0, 0, 0, 0, 0
.	.	.	.	.	.	.	.	. PROC_SUBSYSTEM_MIV_RV32IMA_L1_AHB_0_MIV_RV32IMA_L1_AHB_ASYNC_RESET_REG_2_58, 1, 0, 0, 0, 0, 0, 0, 0, 0
.	.	.	.	.	.	.	. PROC_SUBSYSTEM_MIV_RV32IMA_L1_AHB_0_MIV_RV32IMA_L1_AHB_ASYNC_RESET_REG_VEC_W1_I0_2_27, 1, 0, 0, 0, 0, 0, 0, 0, 0
.	.	.	.	.	.	.	.	. PROC_SUBSYSTEM_MIV_RV32IMA_L1_AHB_0_MIV_RV32IMA_L1_AHB_ASYNC_RESET_REG_2_59, 1, 0, 0, 0, 0, 0, 0, 0, 0
.	.	.	.	.	.	. PROC_SUBSYSTEM_MIV_RV32IMA_L1_AHB_0_MIV_RV32IMA_L1_AHB_ASYNC_VALID_SYNC_0, 0, 3, 0, 0, 0, 0, 0, 0, 0
.	.	.	.	.	.	.	. PROC_SUBSYSTEM_MIV_RV32IMA_L1_AHB_0_MIV_RV32IMA_L1_AHB_ASYNC_RESET_SYNCHRONIZER_SHIFT_REG_W1_D4_I0_0_1, 0, 3, 0, 0, 0, 0, 0, 0, 0
.	.	.	.	.	.	.	.	. PROC_SUBSYSTEM_MIV_RV32IMA_L1_AHB_0_MIV_RV32IMA_L1_AHB_ASYNC_RESET_REG_VEC_W1_I0_2_29, 0, 1, 0, 0, 0, 0, 0, 0, 0
.	.	.	.	.	.	.	.	.	. PROC_SUBSYSTEM_MIV_RV32IMA_L1_AHB_0_MIV_RV32IMA_L1_AHB_ASYNC_RESET_REG_2_61, 0, 1, 0, 0, 0, 0, 0, 0, 0
.	.	.	.	.	.	.	.	. PROC_SUBSYSTEM_MIV_RV32IMA_L1_AHB_0_MIV_RV32IMA_L1_AHB_ASYNC_RESET_REG_VEC_W1_I0_2_30, 0, 1, 0, 0, 0, 0, 0, 0, 0
.	.	.	.	.	.	.	.	.	. PROC_SUBSYSTEM_MIV_RV32IMA_L1_AHB_0_MIV_RV32IMA_L1_AHB_ASYNC_RESET_REG_2_62, 0, 1, 0, 0, 0, 0, 0, 0, 0
.	.	.	.	.	.	.	.	. PROC_SUBSYSTEM_MIV_RV32IMA_L1_AHB_0_MIV_RV32IMA_L1_AHB_ASYNC_RESET_REG_VEC_W1_I0_2_31, 0, 1, 0, 0, 0, 0, 0, 0, 0
.	.	.	.	.	.	.	.	.	. PROC_SUBSYSTEM_MIV_RV32IMA_L1_AHB_0_MIV_RV32IMA_L1_AHB_ASYNC_RESET_REG_2_63, 0, 1, 0, 0, 0, 0, 0, 0, 0
.	.	.	.	.	.	. PROC_SUBSYSTEM_MIV_RV32IMA_L1_AHB_0_MIV_RV32IMA_L1_AHB_ASYNC_VALID_SYNC_1_0, 1, 0, 0, 0, 0, 0, 0, 0, 0
.	.	.	.	.	.	.	. PROC_SUBSYSTEM_MIV_RV32IMA_L1_AHB_0_MIV_RV32IMA_L1_AHB_ASYNC_RESET_SYNCHRONIZER_SHIFT_REG_W1_D1_I0_0_1, 1, 0, 0, 0, 0, 0, 0, 0, 0
.	.	.	.	.	.	.	.	. PROC_SUBSYSTEM_MIV_RV32IMA_L1_AHB_0_MIV_RV32IMA_L1_AHB_ASYNC_RESET_REG_VEC_W1_I0_2_32, 1, 0, 0, 0, 0, 0, 0, 0, 0
.	.	.	.	.	.	.	.	.	. PROC_SUBSYSTEM_MIV_RV32IMA_L1_AHB_0_MIV_RV32IMA_L1_AHB_ASYNC_RESET_REG_2_64, 1, 0, 0, 0, 0, 0, 0, 0, 0
.	.	.	.	.	.	. PROC_SUBSYSTEM_MIV_RV32IMA_L1_AHB_0_MIV_RV32IMA_L1_AHB_ASYNC_VALID_SYNC_2_0_0, 1, 0, 0, 0, 0, 0, 0, 0, 0
.	.	.	.	.	.	.	. PROC_SUBSYSTEM_MIV_RV32IMA_L1_AHB_0_MIV_RV32IMA_L1_AHB_ASYNC_RESET_SYNCHRONIZER_SHIFT_REG_W1_D3_I0_0_4, 1, 0, 0, 0, 0, 0, 0, 0, 0
.	.	.	.	.	.	.	.	. PROC_SUBSYSTEM_MIV_RV32IMA_L1_AHB_0_MIV_RV32IMA_L1_AHB_ASYNC_RESET_REG_VEC_W1_I0_2_34, 1, 0, 0, 0, 0, 0, 0, 0, 0
.	.	.	.	.	.	.	.	.	. PROC_SUBSYSTEM_MIV_RV32IMA_L1_AHB_0_MIV_RV32IMA_L1_AHB_ASYNC_RESET_REG_2_66, 1, 0, 0, 0, 0, 0, 0, 0, 0
.	.	.	.	.	. PROC_SUBSYSTEM_MIV_RV32IMA_L1_AHB_0_MIV_RV32IMA_L1_AHB_TLASYNC_CROSSING_SOURCE_DM_INNER, 89, 15, 0, 0, 0, 0, 0, 0, 0
.	.	.	.	.	.	. PROC_SUBSYSTEM_MIV_RV32IMA_L1_AHB_0_MIV_RV32IMA_L1_AHB_ASYNC_QUEUE_SINK, 43, 10, 0, 0, 0, 0, 0, 0, 0
.	.	.	.	.	.	.	. PROC_SUBSYSTEM_MIV_RV32IMA_L1_AHB_0_MIV_RV32IMA_L1_AHB_ASYNC_RESET_REG_VEC_W1_I0_2_12, 1, 0, 0, 0, 0, 0, 0, 0, 0
.	.	.	.	.	.	.	.	. PROC_SUBSYSTEM_MIV_RV32IMA_L1_AHB_0_MIV_RV32IMA_L1_AHB_ASYNC_RESET_REG_2_44, 1, 0, 0, 0, 0, 0, 0, 0, 0
.	.	.	.	.	.	.	. PROC_SUBSYSTEM_MIV_RV32IMA_L1_AHB_0_MIV_RV32IMA_L1_AHB_ASYNC_RESET_REG_VEC_W1_I0_2_16, 1, 0, 0, 0, 0, 0, 0, 0, 0
.	.	.	.	.	.	.	.	. PROC_SUBSYSTEM_MIV_RV32IMA_L1_AHB_0_MIV_RV32IMA_L1_AHB_ASYNC_RESET_REG_2_48, 1, 0, 0, 0, 0, 0, 0, 0, 0
.	.	.	.	.	.	.	. PROC_SUBSYSTEM_MIV_RV32IMA_L1_AHB_0_MIV_RV32IMA_L1_AHB_ASYNC_RESET_SYNCHRONIZER_SHIFT_REG_W1_D3_I0_0_1, 3, 0, 0, 0, 0, 0, 0, 0, 0
.	.	.	.	.	.	.	.	. PROC_SUBSYSTEM_MIV_RV32IMA_L1_AHB_0_MIV_RV32IMA_L1_AHB_ASYNC_RESET_REG_VEC_W1_I0_2_13, 1, 0, 0, 0, 0, 0, 0, 0, 0
.	.	.	.	.	.	.	.	.	. PROC_SUBSYSTEM_MIV_RV32IMA_L1_AHB_0_MIV_RV32IMA_L1_AHB_ASYNC_RESET_REG_2_45, 1, 0, 0, 0, 0, 0, 0, 0, 0
.	.	.	.	.	.	.	.	. PROC_SUBSYSTEM_MIV_RV32IMA_L1_AHB_0_MIV_RV32IMA_L1_AHB_ASYNC_RESET_REG_VEC_W1_I0_2_14, 1, 0, 0, 0, 0, 0, 0, 0, 0
.	.	.	.	.	.	.	.	.	. PROC_SUBSYSTEM_MIV_RV32IMA_L1_AHB_0_MIV_RV32IMA_L1_AHB_ASYNC_RESET_REG_2_46, 1, 0, 0, 0, 0, 0, 0, 0, 0
.	.	.	.	.	.	.	.	. PROC_SUBSYSTEM_MIV_RV32IMA_L1_AHB_0_MIV_RV32IMA_L1_AHB_ASYNC_RESET_REG_VEC_W1_I0_2_15, 1, 0, 0, 0, 0, 0, 0, 0, 0
.	.	.	.	.	.	.	.	.	. PROC_SUBSYSTEM_MIV_RV32IMA_L1_AHB_0_MIV_RV32IMA_L1_AHB_ASYNC_RESET_REG_2_47, 1, 0, 0, 0, 0, 0, 0, 0, 0
.	.	.	.	.	.	.	. PROC_SUBSYSTEM_MIV_RV32IMA_L1_AHB_0_MIV_RV32IMA_L1_AHB_ASYNC_VALID_SYNC_3_0, 4, 0, 0, 0, 0, 0, 0, 0, 0
.	.	.	.	.	.	.	.	. PROC_SUBSYSTEM_MIV_RV32IMA_L1_AHB_0_MIV_RV32IMA_L1_AHB_ASYNC_RESET_SYNCHRONIZER_SHIFT_REG_W1_D4_I0_0_0, 4, 0, 0, 0, 0, 0, 0, 0, 0
.	.	.	.	.	.	.	.	.	. PROC_SUBSYSTEM_MIV_RV32IMA_L1_AHB_0_MIV_RV32IMA_L1_AHB_ASYNC_RESET_REG_VEC_W1_I0_1_0, 1, 0, 0, 0, 0, 0, 0, 0, 0
.	.	.	.	.	.	.	.	.	.	. PROC_SUBSYSTEM_MIV_RV32IMA_L1_AHB_0_MIV_RV32IMA_L1_AHB_ASYNC_RESET_REG_1_0, 1, 0, 0, 0, 0, 0, 0, 0, 0
.	.	.	.	.	.	.	.	.	. PROC_SUBSYSTEM_MIV_RV32IMA_L1_AHB_0_MIV_RV32IMA_L1_AHB_ASYNC_RESET_REG_VEC_W1_I0_2_17, 1, 0, 0, 0, 0, 0, 0, 0, 0
.	.	.	.	.	.	.	.	.	.	. PROC_SUBSYSTEM_MIV_RV32IMA_L1_AHB_0_MIV_RV32IMA_L1_AHB_ASYNC_RESET_REG_2_49, 1, 0, 0, 0, 0, 0, 0, 0, 0
.	.	.	.	.	.	.	.	.	. PROC_SUBSYSTEM_MIV_RV32IMA_L1_AHB_0_MIV_RV32IMA_L1_AHB_ASYNC_RESET_REG_VEC_W1_I0_2_18, 1, 0, 0, 0, 0, 0, 0, 0, 0
.	.	.	.	.	.	.	.	.	.	. PROC_SUBSYSTEM_MIV_RV32IMA_L1_AHB_0_MIV_RV32IMA_L1_AHB_ASYNC_RESET_REG_2_50, 1, 0, 0, 0, 0, 0, 0, 0, 0
.	.	.	.	.	.	.	.	.	. PROC_SUBSYSTEM_MIV_RV32IMA_L1_AHB_0_MIV_RV32IMA_L1_AHB_ASYNC_RESET_REG_VEC_W1_I0_2_19, 1, 0, 0, 0, 0, 0, 0, 0, 0
.	.	.	.	.	.	.	.	.	.	. PROC_SUBSYSTEM_MIV_RV32IMA_L1_AHB_0_MIV_RV32IMA_L1_AHB_ASYNC_RESET_REG_2_51, 1, 0, 0, 0, 0, 0, 0, 0, 0
.	.	.	.	.	.	.	. PROC_SUBSYSTEM_MIV_RV32IMA_L1_AHB_0_MIV_RV32IMA_L1_AHB_ASYNC_VALID_SYNC_4_0, 0, 1, 0, 0, 0, 0, 0, 0, 0
.	.	.	.	.	.	.	.	. PROC_SUBSYSTEM_MIV_RV32IMA_L1_AHB_0_MIV_RV32IMA_L1_AHB_ASYNC_RESET_SYNCHRONIZER_SHIFT_REG_W1_D1_I0_0_0, 0, 1, 0, 0, 0, 0, 0, 0, 0
.	.	.	.	.	.	.	.	.	. PROC_SUBSYSTEM_MIV_RV32IMA_L1_AHB_0_MIV_RV32IMA_L1_AHB_ASYNC_RESET_REG_VEC_W1_I0_2_20, 0, 1, 0, 0, 0, 0, 0, 0, 0
.	.	.	.	.	.	.	.	.	.	. PROC_SUBSYSTEM_MIV_RV32IMA_L1_AHB_0_MIV_RV32IMA_L1_AHB_ASYNC_RESET_REG_2_52, 0, 1, 0, 0, 0, 0, 0, 0, 0
.	.	.	.	.	.	.	. PROC_SUBSYSTEM_MIV_RV32IMA_L1_AHB_0_MIV_RV32IMA_L1_AHB_ASYNC_VALID_SYNC_5_0, 2, 0, 0, 0, 0, 0, 0, 0, 0
.	.	.	.	.	.	.	.	. PROC_SUBSYSTEM_MIV_RV32IMA_L1_AHB_0_MIV_RV32IMA_L1_AHB_ASYNC_RESET_SYNCHRONIZER_SHIFT_REG_W1_D3_I0_0_2, 2, 0, 0, 0, 0, 0, 0, 0, 0
.	.	.	.	.	.	.	.	.	. PROC_SUBSYSTEM_MIV_RV32IMA_L1_AHB_0_MIV_RV32IMA_L1_AHB_ASYNC_RESET_REG_VEC_W1_I0_2_21, 1, 0, 0, 0, 0, 0, 0, 0, 0
.	.	.	.	.	.	.	.	.	.	. PROC_SUBSYSTEM_MIV_RV32IMA_L1_AHB_0_MIV_RV32IMA_L1_AHB_ASYNC_RESET_REG_2_53, 1, 0, 0, 0, 0, 0, 0, 0, 0
.	.	.	.	.	.	.	.	.	. PROC_SUBSYSTEM_MIV_RV32IMA_L1_AHB_0_MIV_RV32IMA_L1_AHB_ASYNC_RESET_REG_VEC_W1_I0_2_23, 1, 0, 0, 0, 0, 0, 0, 0, 0
.	.	.	.	.	.	.	.	.	.	. PROC_SUBSYSTEM_MIV_RV32IMA_L1_AHB_0_MIV_RV32IMA_L1_AHB_ASYNC_RESET_REG_2_55, 1, 0, 0, 0, 0, 0, 0, 0, 0
.	.	.	.	.	.	.	. PROC_SUBSYSTEM_MIV_RV32IMA_L1_AHB_0_MIV_RV32IMA_L1_AHB_SYNCHRONIZER_SHIFT_REG_W42_D1, 32, 0, 0, 0, 0, 0, 0, 0, 0
.	.	.	.	.	.	. PROC_SUBSYSTEM_MIV_RV32IMA_L1_AHB_0_MIV_RV32IMA_L1_AHB_ASYNC_QUEUE_SOURCE, 46, 5, 0, 0, 0, 0, 0, 0, 0
.	.	.	.	.	.	.	. PROC_SUBSYSTEM_MIV_RV32IMA_L1_AHB_0_MIV_RV32IMA_L1_AHB_ASYNC_RESET_REG_VEC_W1_I0_2_0, 1, 0, 0, 0, 0, 0, 0, 0, 0
.	.	.	.	.	.	.	.	. PROC_SUBSYSTEM_MIV_RV32IMA_L1_AHB_0_MIV_RV32IMA_L1_AHB_ASYNC_RESET_REG_2_32, 1, 0, 0, 0, 0, 0, 0, 0, 0
.	.	.	.	.	.	.	. PROC_SUBSYSTEM_MIV_RV32IMA_L1_AHB_0_MIV_RV32IMA_L1_AHB_ASYNC_RESET_REG_VEC_W1_I0_2_4, 1, 0, 0, 0, 0, 0, 0, 0, 0
.	.	.	.	.	.	.	.	. PROC_SUBSYSTEM_MIV_RV32IMA_L1_AHB_0_MIV_RV32IMA_L1_AHB_ASYNC_RESET_REG_2_36, 1, 0, 0, 0, 0, 0, 0, 0, 0
.	.	.	.	.	.	.	. PROC_SUBSYSTEM_MIV_RV32IMA_L1_AHB_0_MIV_RV32IMA_L1_AHB_ASYNC_RESET_SYNCHRONIZER_SHIFT_REG_W1_D3_I0_0, 3, 0, 0, 0, 0, 0, 0, 0, 0
.	.	.	.	.	.	.	.	. PROC_SUBSYSTEM_MIV_RV32IMA_L1_AHB_0_MIV_RV32IMA_L1_AHB_ASYNC_RESET_REG_VEC_W1_I0_2_1, 1, 0, 0, 0, 0, 0, 0, 0, 0
.	.	.	.	.	.	.	.	.	. PROC_SUBSYSTEM_MIV_RV32IMA_L1_AHB_0_MIV_RV32IMA_L1_AHB_ASYNC_RESET_REG_2_33, 1, 0, 0, 0, 0, 0, 0, 0, 0
.	.	.	.	.	.	.	.	. PROC_SUBSYSTEM_MIV_RV32IMA_L1_AHB_0_MIV_RV32IMA_L1_AHB_ASYNC_RESET_REG_VEC_W1_I0_2_2, 1, 0, 0, 0, 0, 0, 0, 0, 0
.	.	.	.	.	.	.	.	.	. PROC_SUBSYSTEM_MIV_RV32IMA_L1_AHB_0_MIV_RV32IMA_L1_AHB_ASYNC_RESET_REG_2_34, 1, 0, 0, 0, 0, 0, 0, 0, 0
.	.	.	.	.	.	.	.	. PROC_SUBSYSTEM_MIV_RV32IMA_L1_AHB_0_MIV_RV32IMA_L1_AHB_ASYNC_RESET_REG_VEC_W1_I0_2_3, 1, 0, 0, 0, 0, 0, 0, 0, 0
.	.	.	.	.	.	.	.	.	. PROC_SUBSYSTEM_MIV_RV32IMA_L1_AHB_0_MIV_RV32IMA_L1_AHB_ASYNC_RESET_REG_2_35, 1, 0, 0, 0, 0, 0, 0, 0, 0
.	.	.	.	.	. PROC_SUBSYSTEM_MIV_RV32IMA_L1_AHB_0_MIV_RV32IMA_L1_AHB_TLDEBUG_MODULE_OUTER_DM_OUTER, 16, 46, 0, 0, 0, 0, 0, 0, 0
.	.	.	.	.	.	. PROC_SUBSYSTEM_MIV_RV32IMA_L1_AHB_0_MIV_RV32IMA_L1_AHB_ASYNC_RESET_REG_VEC_W1_I0_2, 1, 0, 0, 0, 0, 0, 0, 0, 0
.	.	.	.	.	.	.	. PROC_SUBSYSTEM_MIV_RV32IMA_L1_AHB_0_MIV_RV32IMA_L1_AHB_ASYNC_RESET_REG_2_31, 1, 0, 0, 0, 0, 0, 0, 0, 0
.	.	.	.	.	.	. PROC_SUBSYSTEM_MIV_RV32IMA_L1_AHB_0_MIV_RV32IMA_L1_AHB_ASYNC_RESET_REG_VEC_W32_I0, 15, 14, 0, 0, 0, 0, 0, 0, 0
.	.	.	.	.	.	.	. PROC_SUBSYSTEM_MIV_RV32IMA_L1_AHB_0_MIV_RV32IMA_L1_AHB_ASYNC_RESET_REG_2, 1, 4, 0, 0, 0, 0, 0, 0, 0
.	.	.	.	.	.	.	. PROC_SUBSYSTEM_MIV_RV32IMA_L1_AHB_0_MIV_RV32IMA_L1_AHB_ASYNC_RESET_REG_2_0, 1, 2, 0, 0, 0, 0, 0, 0, 0
.	.	.	.	.	.	.	. PROC_SUBSYSTEM_MIV_RV32IMA_L1_AHB_0_MIV_RV32IMA_L1_AHB_ASYNC_RESET_REG_2_15, 1, 2, 0, 0, 0, 0, 0, 0, 0
.	.	.	.	.	.	.	. PROC_SUBSYSTEM_MIV_RV32IMA_L1_AHB_0_MIV_RV32IMA_L1_AHB_ASYNC_RESET_REG_2_16, 1, 0, 0, 0, 0, 0, 0, 0, 0
.	.	.	.	.	.	.	. PROC_SUBSYSTEM_MIV_RV32IMA_L1_AHB_0_MIV_RV32IMA_L1_AHB_ASYNC_RESET_REG_2_17, 1, 0, 0, 0, 0, 0, 0, 0, 0
.	.	.	.	.	.	.	. PROC_SUBSYSTEM_MIV_RV32IMA_L1_AHB_0_MIV_RV32IMA_L1_AHB_ASYNC_RESET_REG_2_18, 1, 0, 0, 0, 0, 0, 0, 0, 0
.	.	.	.	.	.	.	. PROC_SUBSYSTEM_MIV_RV32IMA_L1_AHB_0_MIV_RV32IMA_L1_AHB_ASYNC_RESET_REG_2_19, 1, 0, 0, 0, 0, 0, 0, 0, 0
.	.	.	.	.	.	.	. PROC_SUBSYSTEM_MIV_RV32IMA_L1_AHB_0_MIV_RV32IMA_L1_AHB_ASYNC_RESET_REG_2_20, 1, 2, 0, 0, 0, 0, 0, 0, 0
.	.	.	.	.	.	.	. PROC_SUBSYSTEM_MIV_RV32IMA_L1_AHB_0_MIV_RV32IMA_L1_AHB_ASYNC_RESET_REG_2_21, 1, 0, 0, 0, 0, 0, 0, 0, 0
.	.	.	.	.	.	.	. PROC_SUBSYSTEM_MIV_RV32IMA_L1_AHB_0_MIV_RV32IMA_L1_AHB_ASYNC_RESET_REG_2_22, 1, 2, 0, 0, 0, 0, 0, 0, 0
.	.	.	.	.	.	.	. PROC_SUBSYSTEM_MIV_RV32IMA_L1_AHB_0_MIV_RV32IMA_L1_AHB_ASYNC_RESET_REG_2_23, 1, 0, 0, 0, 0, 0, 0, 0, 0
.	.	.	.	.	.	.	. PROC_SUBSYSTEM_MIV_RV32IMA_L1_AHB_0_MIV_RV32IMA_L1_AHB_ASYNC_RESET_REG_2_24, 1, 2, 0, 0, 0, 0, 0, 0, 0
.	.	.	.	.	.	.	. PROC_SUBSYSTEM_MIV_RV32IMA_L1_AHB_0_MIV_RV32IMA_L1_AHB_ASYNC_RESET_REG_2_27, 1, 0, 0, 0, 0, 0, 0, 0, 0
.	.	.	.	.	.	.	. PROC_SUBSYSTEM_MIV_RV32IMA_L1_AHB_0_MIV_RV32IMA_L1_AHB_ASYNC_RESET_REG_2_29, 1, 0, 0, 0, 0, 0, 0, 0, 0
.	.	.	.	.	.	.	. PROC_SUBSYSTEM_MIV_RV32IMA_L1_AHB_0_MIV_RV32IMA_L1_AHB_ASYNC_RESET_REG_2_30, 1, 0, 0, 0, 0, 0, 0, 0, 0
.	.	.	.	.	. PROC_SUBSYSTEM_MIV_RV32IMA_L1_AHB_0_MIV_RV32IMA_L1_AHB_TLXBAR_DMI_XBAR, 1, 5, 0, 0, 0, 0, 0, 0, 0
.	.	.	. PROC_SUBSYSTEM_MIV_RV32IMA_L1_AHB_0_MIV_RV32IMA_L1_AHB_TLERROR_ERROR, 41, 57, 31, 0, 0, 0, 0, 0, 0
.	.	.	.	. PROC_SUBSYSTEM_MIV_RV32IMA_L1_AHB_0_MIV_RV32IMA_L1_AHB_QUEUE_18, 10, 11, 0, 0, 0, 0, 0, 0, 0
.	.	.	. PROC_SUBSYSTEM_MIV_RV32IMA_L1_AHB_0_MIV_RV32IMA_L1_AHB_TLPLIC_PLIC, 142, 287, 19, 0, 0, 0, 0, 0, 0
.	.	.	.	. PROC_SUBSYSTEM_MIV_RV32IMA_L1_AHB_0_MIV_RV32IMA_L1_AHB_LEVEL_GATEWAY, 1, 2, 0, 0, 0, 0, 0, 0, 0
.	.	.	.	. PROC_SUBSYSTEM_MIV_RV32IMA_L1_AHB_0_MIV_RV32IMA_L1_AHB_LEVEL_GATEWAY_0, 1, 2, 0, 0, 0, 0, 0, 0, 0
.	.	.	.	. PROC_SUBSYSTEM_MIV_RV32IMA_L1_AHB_0_MIV_RV32IMA_L1_AHB_QUEUE_10, 71, 9, 0, 0, 0, 0, 0, 0, 0
.	.	.	. PROC_SUBSYSTEM_MIV_RV32IMA_L1_AHB_0_MIV_RV32IMA_L1_AHB_TLTO_AHB, 184, 186, 0, 0, 0, 0, 0, 0, 0
.	.	.	.	. PROC_SUBSYSTEM_MIV_RV32IMA_L1_AHB_0_MIV_RV32IMA_L1_AHB_QUEUE_16_0, 83, 89, 0, 0, 0, 0, 0, 0, 0
.	.	.	. PROC_SUBSYSTEM_MIV_RV32IMA_L1_AHB_0_MIV_RV32IMA_L1_AHB_TLTO_AHB_CONVERTER, 203, 321, 0, 0, 0, 0, 0, 0, 0
.	.	.	.	. PROC_SUBSYSTEM_MIV_RV32IMA_L1_AHB_0_MIV_RV32IMA_L1_AHB_QUEUE_16, 83, 167, 0, 0, 0, 0, 0, 0, 0
.	. PROC_SUBSYSTEM_RTG4FCCC_0_RTG4FCCC, 0, 0, 0, 0, 0, 0, 0, 2, 0
.	. reset_synchronizer, 4, 0, 0, 0, 0, 0, 0, 0, 0