
. Module name, SLE, CFG, ARI1, BUFFER, MACC, RAM1K18_RT, RAM64X18_RT, GLOBAL, IO
. RTG4_RV32_BaseDesign, 5520, 10892, 1140, 0, 2, 8, 8, 8, 89
.	. COREAHBTOAPB3_25s_1s, 101, 54, 0, 0, 0, 0, 0, 0, 0
.	.	. CoreAHBtoAPB3_AhbToApbSM_1s_0_1_0_1_2_3_4, 10, 27, 0, 0, 0, 0, 0, 0, 0
.	.	. CoreAHBtoAPB3_ApbAddrData_1s, 88, 24, 0, 0, 0, 0, 0, 0, 0
.	.	. CoreAHBtoAPB3_PenableScheduler_1s_0_1_2, 3, 3, 0, 0, 0, 0, 0, 0, 0
.	. COREJTAGDEBUG_Z11, 20, 129, 0, 0, 0, 0, 0, 4, 0
.	.	. COREJTAGDEBUG_UJ_JTAG_85_0_0, 20, 126, 0, 0, 0, 0, 0, 0, 0
.	. CoreAHBLite_Z4, 68, 196, 0, 0, 0, 0, 0, 0, 0
.	.	. COREAHBLITE_MATRIX4X16_0_1_0_65536_0_0_0_1s, 68, 196, 0, 0, 0, 0, 0, 0, 0
.	.	.	. COREAHBLITE_MASTERSTAGE_0_1_0_65536_1s_0_1_0, 56, 107, 0, 0, 0, 0, 0, 0, 0
.	.	.	.	. COREAHBLITE_ADDRDEC_Z1, 0, 6, 0, 0, 0, 0, 0, 0, 0
.	.	.	.	. COREAHBLITE_DEFAULTSLAVESM_1s_0_1, 1, 3, 0, 0, 0, 0, 0, 0, 0
.	.	.	. COREAHBLITE_SLAVESTAGE_1s_0_0_0, 12, 89, 0, 0, 0, 0, 0, 0, 0
.	.	.	.	. COREAHBLITE_SLAVEARBITER_Z3, 11, 23, 0, 0, 0, 0, 0, 0, 0
.	. CoreAHBLite_Z7, 33, 77, 0, 0, 0, 0, 0, 0, 0
.	.	. COREAHBLITE_MATRIX4X16_1_1_0_128_0_0_0_1s, 33, 77, 0, 0, 0, 0, 0, 0, 0
.	.	.	. COREAHBLITE_MASTERSTAGE_1_1_0_128_1s_0_1_0, 27, 53, 0, 0, 0, 0, 0, 0, 0
.	.	.	.	. COREAHBLITE_DEFAULTSLAVESM_1s_0_1_0, 1, 4, 0, 0, 0, 0, 0, 0, 0
.	.	.	. COREAHBLITE_SLAVESTAGE_1s_0_0_2, 6, 24, 0, 0, 0, 0, 0, 0, 0
.	.	.	.	. COREAHBLITE_SLAVEARBITER_Z3_0, 5, 23, 0, 0, 0, 0, 0, 0, 0
.	. CoreAPB3_Z8, 0, 66, 0, 0, 0, 0, 0, 0, 0
.	.	. COREAPB3_MUXPTOB3_0, 0, 66, 0, 0, 0, 0, 0, 0, 0
.	. CoreGPIO_Z10, 8, 3, 0, 0, 0, 0, 0, 0, 0
.	. CoreGPIO_Z9, 32, 2, 0, 0, 0, 0, 0, 0, 0
.	. CoreTimer_32s_1s_25s_1s, 118, 93, 44, 0, 0, 0, 0, 0, 0
.	. CoreTimer_32s_1s_25s_1s_0, 118, 92, 44, 0, 0, 0, 0, 0, 0
.	. DDR_MEMORY_CTRL, 100, 365, 25, 0, 0, 0, 0, 0, 71
.	.	. DDR_MEMORY_CTRL_COREABC_0_COREABC_Z13, 100, 365, 25, 0, 0, 0, 0, 0, 0
.	.	.	. DDR_MEMORY_CTRL_COREABC_0_INSTRUCTIONS_Z14, 34, 219, 0, 0, 0, 0, 0, 0, 0
.	.	. DDR_MEMORY_CTRL_FDDRC_0_RTG4FDDRC, 0, 0, 0, 0, 0, 0, 0, 0, 71
.	. RTG4_RV32_BaseDesign_CoreUARTapb_0_CoreUARTapb_Z12, 114, 157, 19, 0, 0, 0, 0, 0, 0
.	.	. RTG4_RV32_BaseDesign_CoreUARTapb_0_COREUART_0s_0s_0s_25s_0s_1s, 90, 131, 19, 0, 0, 0, 0, 0, 0
.	.	.	. RTG4_RV32_BaseDesign_CoreUARTapb_0_Clock_gen_0s_1s, 19, 11, 14, 0, 0, 0, 0, 0, 0
.	.	.	. RTG4_RV32_BaseDesign_CoreUARTapb_0_Rx_async_1s_0s_0s_1s_2s_3s, 41, 81, 0, 0, 0, 0, 0, 0, 0
.	.	.	. RTG4_RV32_BaseDesign_CoreUARTapb_0_Tx_async_1s_0s_0s_1s_2s_3s_4s_5s_6s, 21, 31, 5, 0, 0, 0, 0, 0, 0
.	. RTG4_RV32_BaseDesign_MIV_RV32IMA_L1_AHB_0_MIV_RV32IMA_L1_AHB_32896_32896_2s_5s_34s_2s, 4804, 9656, 1008, 0, 2, 8, 8, 1, 0
.	.	. RTG4_RV32_BaseDesign_MIV_RV32IMA_L1_AHB_0_MIV_RV32IMA_L1_AHB_CORE_RISC_VAHB_TOP, 4804, 9656, 1008, 0, 2, 8, 8, 1, 0
.	.	.	. RTG4_RV32_BaseDesign_MIV_RV32IMA_L1_AHB_0_MIV_RV32IMA_L1_AHB_COREPLEX_LOCAL_INTERRUPTER_CLINT, 129, 98, 192, 0, 0, 0, 0, 0, 0
.	.	.	. RTG4_RV32_BaseDesign_MIV_RV32IMA_L1_AHB_0_MIV_RV32IMA_L1_AHB_DEBUG_TRANSPORT_MODULE_JTAG, 168, 237, 0, 0, 0, 0, 0, 0, 0
.	.	.	.	. RTG4_RV32_BaseDesign_MIV_RV32IMA_L1_AHB_0_MIV_RV32IMA_L1_AHB_CAPTURE_CHAIN, 32, 33, 0, 0, 0, 0, 0, 0, 0
.	.	.	.	. RTG4_RV32_BaseDesign_MIV_RV32IMA_L1_AHB_0_MIV_RV32IMA_L1_AHB_CAPTURE_UPDATE_CHAIN, 32, 34, 0, 0, 0, 0, 0, 0, 0
.	.	.	.	. RTG4_RV32_BaseDesign_MIV_RV32IMA_L1_AHB_0_MIV_RV32IMA_L1_AHB_CAPTURE_UPDATE_CHAIN_1, 41, 63, 0, 0, 0, 0, 0, 0, 0
.	.	.	.	. RTG4_RV32_BaseDesign_MIV_RV32IMA_L1_AHB_0_MIV_RV32IMA_L1_AHB_JTAG_BYPASS_CHAIN, 1, 0, 0, 0, 0, 0, 0, 0, 0
.	.	.	.	. RTG4_RV32_BaseDesign_MIV_RV32IMA_L1_AHB_0_MIV_RV32IMA_L1_AHB_JTAG_TAP_CONTROLLER, 15, 39, 0, 0, 0, 0, 0, 0, 0
.	.	.	.	.	. RTG4_RV32_BaseDesign_MIV_RV32IMA_L1_AHB_0_MIV_RV32IMA_L1_AHB_CAPTURE_UPDATE_CHAIN_2, 5, 5, 0, 0, 0, 0, 0, 0, 0
.	.	.	.	.	. RTG4_RV32_BaseDesign_MIV_RV32IMA_L1_AHB_0_MIV_RV32IMA_L1_AHB_JTAG_STATE_MACHINE, 4, 16, 0, 0, 0, 0, 0, 0, 0
.	.	.	.	.	.	. RTG4_RV32_BaseDesign_MIV_RV32IMA_L1_AHB_0_MIV_RV32IMA_L1_AHB_ASYNC_RESET_REG_VEC_90, 4, 8, 0, 0, 0, 0, 0, 0, 0
.	.	.	.	.	.	.	. RTG4_RV32_BaseDesign_MIV_RV32IMA_L1_AHB_0_MIV_RV32IMA_L1_AHB_ASYNC_RESET_REG_2_68, 1, 4, 0, 0, 0, 0, 0, 0, 0
.	.	.	.	.	.	.	. RTG4_RV32_BaseDesign_MIV_RV32IMA_L1_AHB_0_MIV_RV32IMA_L1_AHB_ASYNC_RESET_REG_2_69, 1, 1, 0, 0, 0, 0, 0, 0, 0
.	.	.	.	.	.	.	. RTG4_RV32_BaseDesign_MIV_RV32IMA_L1_AHB_0_MIV_RV32IMA_L1_AHB_ASYNC_RESET_REG_2_70, 1, 1, 0, 0, 0, 0, 0, 0, 0
.	.	.	.	.	.	.	. RTG4_RV32_BaseDesign_MIV_RV32IMA_L1_AHB_0_MIV_RV32IMA_L1_AHB_ASYNC_RESET_REG_2_71, 1, 2, 0, 0, 0, 0, 0, 0, 0
.	.	.	.	.	. RTG4_RV32_BaseDesign_MIV_RV32IMA_L1_AHB_0_MIV_RV32IMA_L1_AHB_NEGATIVE_EDGE_LATCH_1, 1, 0, 0, 0, 0, 0, 0, 0, 0
.	.	.	.	.	. RTG4_RV32_BaseDesign_MIV_RV32IMA_L1_AHB_0_MIV_RV32IMA_L1_AHB_NEGATIVE_EDGE_LATCH_2, 5, 12, 0, 0, 0, 0, 0, 0, 0
.	.	.	. RTG4_RV32_BaseDesign_MIV_RV32IMA_L1_AHB_0_MIV_RV32IMA_L1_AHB_INT_XING, 8, 0, 0, 0, 0, 0, 0, 0, 0
.	.	.	. RTG4_RV32_BaseDesign_MIV_RV32IMA_L1_AHB_0_MIV_RV32IMA_L1_AHB_RESET_CATCH_AND_SYNC_1, 3, 1, 0, 0, 0, 0, 0, 1, 0
.	.	.	.	. RTG4_RV32_BaseDesign_MIV_RV32IMA_L1_AHB_0_MIV_RV32IMA_L1_AHB_ASYNC_RESET_REG_VEC_89_1, 3, 1, 0, 0, 0, 0, 0, 1, 0
.	.	.	.	.	. RTG4_RV32_BaseDesign_MIV_RV32IMA_L1_AHB_0_MIV_RV32IMA_L1_AHB_ASYNC_RESET_REG_2_72, 1, 1, 0, 0, 0, 0, 0, 1, 0
.	.	.	.	.	. RTG4_RV32_BaseDesign_MIV_RV32IMA_L1_AHB_0_MIV_RV32IMA_L1_AHB_ASYNC_RESET_REG_2_73, 1, 0, 0, 0, 0, 0, 0, 0, 0
.	.	.	.	.	. RTG4_RV32_BaseDesign_MIV_RV32IMA_L1_AHB_0_MIV_RV32IMA_L1_AHB_ASYNC_RESET_REG_33_1, 1, 0, 0, 0, 0, 0, 0, 0, 0
.	.	.	. RTG4_RV32_BaseDesign_MIV_RV32IMA_L1_AHB_0_MIV_RV32IMA_L1_AHB_SYNC_ROCKET_TILE_TILE, 1955, 4826, 691, 0, 2, 8, 8, 0, 0
.	.	.	.	. RTG4_RV32_BaseDesign_MIV_RV32IMA_L1_AHB_0_MIV_RV32IMA_L1_AHB_INT_XING_XING, 4, 0, 0, 0, 0, 0, 0, 0, 0
.	.	.	.	. RTG4_RV32_BaseDesign_MIV_RV32IMA_L1_AHB_0_MIV_RV32IMA_L1_AHB_ROCKET_TILE_ROCKET, 1951, 4826, 691, 0, 2, 8, 8, 0, 0
.	.	.	.	.	. RTG4_RV32_BaseDesign_MIV_RV32IMA_L1_AHB_0_MIV_RV32IMA_L1_AHB_D_CACHE_DCACHE, 390, 801, 120, 0, 0, 4, 3, 0, 0
.	.	.	.	.	.	. RTG4_RV32_BaseDesign_MIV_RV32IMA_L1_AHB_0_MIV_RV32IMA_L1_AHB_AMOALU, 0, 192, 64, 0, 0, 0, 0, 0, 0
.	.	.	.	.	.	. RTG4_RV32_BaseDesign_MIV_RV32IMA_L1_AHB_0_MIV_RV32IMA_L1_AHB_ARBITER, 0, 89, 0, 0, 0, 0, 0, 0, 0
.	.	.	.	.	.	. RTG4_RV32_BaseDesign_MIV_RV32IMA_L1_AHB_0_MIV_RV32IMA_L1_AHB_ARBITER_1, 0, 111, 0, 0, 0, 0, 0, 0, 0
.	.	.	.	.	.	. RTG4_RV32_BaseDesign_MIV_RV32IMA_L1_AHB_0_MIV_RV32IMA_L1_AHB_D_CACHE_DATA_ARRAY, 11, 20, 0, 0, 0, 4, 0, 0, 0
.	.	.	.	.	.	. RTG4_RV32_BaseDesign_MIV_RV32IMA_L1_AHB_0_MIV_RV32IMA_L1_AHB_TLB, 0, 34, 0, 0, 0, 0, 0, 0, 0
.	.	.	.	.	. RTG4_RV32_BaseDesign_MIV_RV32IMA_L1_AHB_0_MIV_RV32IMA_L1_AHB_FRONTEND_FRONTEND, 576, 939, 52, 0, 0, 4, 3, 0, 0
.	.	.	.	.	.	. RTG4_RV32_BaseDesign_MIV_RV32IMA_L1_AHB_0_MIV_RV32IMA_L1_AHB_I_CACHE_ICACHE, 183, 468, 22, 0, 0, 4, 3, 0, 0
.	.	.	.	.	.	. RTG4_RV32_BaseDesign_MIV_RV32IMA_L1_AHB_0_MIV_RV32IMA_L1_AHB_SHIFT_QUEUE, 325, 347, 0, 0, 0, 0, 0, 0, 0
.	.	.	.	.	.	. RTG4_RV32_BaseDesign_MIV_RV32IMA_L1_AHB_0_MIV_RV32IMA_L1_AHB_TLB_1, 0, 11, 0, 0, 0, 0, 0, 0, 0
.	.	.	.	.	. RTG4_RV32_BaseDesign_MIV_RV32IMA_L1_AHB_0_MIV_RV32IMA_L1_AHB_ROCKET, 972, 2963, 508, 0, 2, 0, 2, 0, 0
.	.	.	.	.	.	. RTG4_RV32_BaseDesign_MIV_RV32IMA_L1_AHB_0_MIV_RV32IMA_L1_AHB_ALU, 0, 441, 35, 0, 0, 0, 0, 0, 0
.	.	.	.	.	.	. RTG4_RV32_BaseDesign_MIV_RV32IMA_L1_AHB_0_MIV_RV32IMA_L1_AHB_BREAKPOINT_UNIT, 0, 452, 192, 0, 0, 0, 0, 0, 0
.	.	.	.	.	.	. RTG4_RV32_BaseDesign_MIV_RV32IMA_L1_AHB_0_MIV_RV32IMA_L1_AHB_CSR_FILE, 420, 876, 122, 0, 0, 0, 0, 0, 0
.	.	.	.	.	.	. RTG4_RV32_BaseDesign_MIV_RV32IMA_L1_AHB_0_MIV_RV32IMA_L1_AHB_I_BUF, 0, 1, 0, 0, 0, 0, 0, 0, 0
.	.	.	.	.	.	. RTG4_RV32_BaseDesign_MIV_RV32IMA_L1_AHB_0_MIV_RV32IMA_L1_AHB_MUL_DIV, 120, 271, 121, 0, 2, 0, 0, 0, 0
.	.	.	.	.	. RTG4_RV32_BaseDesign_MIV_RV32IMA_L1_AHB_0_MIV_RV32IMA_L1_AHB_TL_XBAR_TILE_BUS, 13, 123, 11, 0, 0, 0, 0, 0, 0
.	.	.	. RTG4_RV32_BaseDesign_MIV_RV32IMA_L1_AHB_0_MIV_RV32IMA_L1_AHB_TLPLIC_PLIC, 141, 323, 19, 0, 0, 0, 0, 0, 0
.	.	.	.	. RTG4_RV32_BaseDesign_MIV_RV32IMA_L1_AHB_0_MIV_RV32IMA_L1_AHB_LEVEL_GATEWAY, 1, 1, 0, 0, 0, 0, 0, 0, 0
.	.	.	.	. RTG4_RV32_BaseDesign_MIV_RV32IMA_L1_AHB_0_MIV_RV32IMA_L1_AHB_LEVEL_GATEWAY_0, 1, 1, 0, 0, 0, 0, 0, 0, 0
.	.	.	.	. RTG4_RV32_BaseDesign_MIV_RV32IMA_L1_AHB_0_MIV_RV32IMA_L1_AHB_QUEUE_13, 70, 13, 0, 0, 0, 0, 0, 0, 0
.	.	.	. RTG4_RV32_BaseDesign_MIV_RV32IMA_L1_AHB_0_MIV_RV32IMA_L1_AHB_TL_ATOMIC_AUTOMATA, 122, 435, 32, 0, 0, 0, 0, 0, 0
.	.	.	. RTG4_RV32_BaseDesign_MIV_RV32IMA_L1_AHB_0_MIV_RV32IMA_L1_AHB_TL_BUFFER_1, 235, 215, 0, 0, 0, 0, 0, 0, 0
.	.	.	.	. RTG4_RV32_BaseDesign_MIV_RV32IMA_L1_AHB_0_MIV_RV32IMA_L1_AHB_QUEUE_0, 53, 56, 0, 0, 0, 0, 0, 0, 0
.	.	.	.	. RTG4_RV32_BaseDesign_MIV_RV32IMA_L1_AHB_0_MIV_RV32IMA_L1_AHB_QUEUE_1, 76, 78, 0, 0, 0, 0, 0, 0, 0
.	.	.	.	. RTG4_RV32_BaseDesign_MIV_RV32IMA_L1_AHB_0_MIV_RV32IMA_L1_AHB_QUEUE_1_0, 40, 21, 0, 0, 0, 0, 0, 0, 0
.	.	.	.	. RTG4_RV32_BaseDesign_MIV_RV32IMA_L1_AHB_0_MIV_RV32IMA_L1_AHB_QUEUE_1_1, 39, 29, 0, 0, 0, 0, 0, 0, 0
.	.	.	.	. RTG4_RV32_BaseDesign_MIV_RV32IMA_L1_AHB_0_MIV_RV32IMA_L1_AHB_QUEUE_4, 9, 11, 0, 0, 0, 0, 0, 0, 0
.	.	.	.	. RTG4_RV32_BaseDesign_MIV_RV32IMA_L1_AHB_0_MIV_RV32IMA_L1_AHB_QUEUE_5, 12, 10, 0, 0, 0, 0, 0, 0, 0
.	.	.	.	. RTG4_RV32_BaseDesign_MIV_RV32IMA_L1_AHB_0_MIV_RV32IMA_L1_AHB_QUEUE_7, 5, 7, 0, 0, 0, 0, 0, 0, 0
.	.	.	.	. RTG4_RV32_BaseDesign_MIV_RV32IMA_L1_AHB_0_MIV_RV32IMA_L1_AHB_QUEUE_8, 1, 3, 0, 0, 0, 0, 0, 0, 0
.	.	.	. RTG4_RV32_BaseDesign_MIV_RV32IMA_L1_AHB_0_MIV_RV32IMA_L1_AHB_TL_BUFFER_2, 222, 122, 0, 0, 0, 0, 0, 0, 0
.	.	.	.	. RTG4_RV32_BaseDesign_MIV_RV32IMA_L1_AHB_0_MIV_RV32IMA_L1_AHB_QUEUE_10_0, 79, 45, 0, 0, 0, 0, 0, 0, 0
.	.	.	.	. RTG4_RV32_BaseDesign_MIV_RV32IMA_L1_AHB_0_MIV_RV32IMA_L1_AHB_QUEUE_9, 143, 77, 0, 0, 0, 0, 0, 0, 0
.	.	.	. RTG4_RV32_BaseDesign_MIV_RV32IMA_L1_AHB_0_MIV_RV32IMA_L1_AHB_TL_BUFFER_ERROR, 26, 9, 0, 0, 0, 0, 0, 0, 0
.	.	.	.	. RTG4_RV32_BaseDesign_MIV_RV32IMA_L1_AHB_0_MIV_RV32IMA_L1_AHB_QUEUE_23, 9, 3, 0, 0, 0, 0, 0, 0, 0
.	.	.	.	. RTG4_RV32_BaseDesign_MIV_RV32IMA_L1_AHB_0_MIV_RV32IMA_L1_AHB_QUEUE_24, 12, 3, 0, 0, 0, 0, 0, 0, 0
.	.	.	.	. RTG4_RV32_BaseDesign_MIV_RV32IMA_L1_AHB_0_MIV_RV32IMA_L1_AHB_QUEUE_26, 5, 3, 0, 0, 0, 0, 0, 0, 0
.	.	.	. RTG4_RV32_BaseDesign_MIV_RV32IMA_L1_AHB_0_MIV_RV32IMA_L1_AHB_TL_BUFFER_SYSTEM_BUS, 389, 227, 0, 0, 0, 0, 0, 0, 0
.	.	.	.	. RTG4_RV32_BaseDesign_MIV_RV32IMA_L1_AHB_0_MIV_RV32IMA_L1_AHB_QUEUE_14, 161, 90, 0, 0, 0, 0, 0, 0, 0
.	.	.	.	. RTG4_RV32_BaseDesign_MIV_RV32IMA_L1_AHB_0_MIV_RV32IMA_L1_AHB_QUEUE_15, 93, 51, 0, 0, 0, 0, 0, 0, 0
.	.	.	.	. RTG4_RV32_BaseDesign_MIV_RV32IMA_L1_AHB_0_MIV_RV32IMA_L1_AHB_QUEUE_16, 1, 3, 0, 0, 0, 0, 0, 0, 0
.	.	.	.	. RTG4_RV32_BaseDesign_MIV_RV32IMA_L1_AHB_0_MIV_RV32IMA_L1_AHB_QUEUE_17, 127, 70, 0, 0, 0, 0, 0, 0, 0
.	.	.	.	. RTG4_RV32_BaseDesign_MIV_RV32IMA_L1_AHB_0_MIV_RV32IMA_L1_AHB_QUEUE_18, 7, 13, 0, 0, 0, 0, 0, 0, 0
.	.	.	. RTG4_RV32_BaseDesign_MIV_RV32IMA_L1_AHB_0_MIV_RV32IMA_L1_AHB_TL_CACHE_CORK, 31, 160, 0, 0, 0, 0, 0, 0, 0
.	.	.	.	. RTG4_RV32_BaseDesign_MIV_RV32IMA_L1_AHB_0_MIV_RV32IMA_L1_AHB_QUEUE_10_1, 13, 13, 0, 0, 0, 0, 0, 0, 0
.	.	.	.	. RTG4_RV32_BaseDesign_MIV_RV32IMA_L1_AHB_0_MIV_RV32IMA_L1_AHB_QUEUE_10_2, 5, 10, 0, 0, 0, 0, 0, 0, 0
.	.	.	. RTG4_RV32_BaseDesign_MIV_RV32IMA_L1_AHB_0_MIV_RV32IMA_L1_AHB_TL_DEBUG_MODULE_DEBUG, 795, 1777, 14, 0, 0, 0, 0, 0, 0
.	.	.	.	. RTG4_RV32_BaseDesign_MIV_RV32IMA_L1_AHB_0_MIV_RV32IMA_L1_AHB_TL_DEBUG_MODULE_INNER_ASYNC_DM_INNER, 672, 1709, 14, 0, 0, 0, 0, 0, 0
.	.	.	.	.	. RTG4_RV32_BaseDesign_MIV_RV32IMA_L1_AHB_0_MIV_RV32IMA_L1_AHB_ASYNC_QUEUE_SINK_2, 24, 3, 0, 0, 0, 0, 0, 0, 0
.	.	.	.	.	.	. RTG4_RV32_BaseDesign_MIV_RV32IMA_L1_AHB_0_MIV_RV32IMA_L1_AHB_ASYNC_RESET_REG_VEC_1_0_23, 1, 0, 0, 0, 0, 0, 0, 0, 0
.	.	.	.	.	.	.	. RTG4_RV32_BaseDesign_MIV_RV32IMA_L1_AHB_0_MIV_RV32IMA_L1_AHB_ASYNC_RESET_REG_26, 1, 0, 0, 0, 0, 0, 0, 0, 0
.	.	.	.	.	.	. RTG4_RV32_BaseDesign_MIV_RV32IMA_L1_AHB_0_MIV_RV32IMA_L1_AHB_ASYNC_RESET_REG_VEC_1_0_24, 1, 0, 0, 0, 0, 0, 0, 0, 0
.	.	.	.	.	.	.	. RTG4_RV32_BaseDesign_MIV_RV32IMA_L1_AHB_0_MIV_RV32IMA_L1_AHB_ASYNC_RESET_REG_27, 1, 0, 0, 0, 0, 0, 0, 0, 0
.	.	.	.	.	.	. RTG4_RV32_BaseDesign_MIV_RV32IMA_L1_AHB_0_MIV_RV32IMA_L1_AHB_ASYNC_RESET_REG_VEC_1_0_25, 1, 0, 0, 0, 0, 0, 0, 0, 0
.	.	.	.	.	.	.	. RTG4_RV32_BaseDesign_MIV_RV32IMA_L1_AHB_0_MIV_RV32IMA_L1_AHB_ASYNC_RESET_REG_28, 1, 0, 0, 0, 0, 0, 0, 0, 0
.	.	.	.	.	.	. RTG4_RV32_BaseDesign_MIV_RV32IMA_L1_AHB_0_MIV_RV32IMA_L1_AHB_ASYNC_RESET_REG_VEC_1_0_26, 1, 0, 0, 0, 0, 0, 0, 0, 0
.	.	.	.	.	.	.	. RTG4_RV32_BaseDesign_MIV_RV32IMA_L1_AHB_0_MIV_RV32IMA_L1_AHB_ASYNC_RESET_REG_29, 1, 0, 0, 0, 0, 0, 0, 0, 0
.	.	.	.	.	.	. RTG4_RV32_BaseDesign_MIV_RV32IMA_L1_AHB_0_MIV_RV32IMA_L1_AHB_ASYNC_RESET_REG_VEC_1_0_27, 1, 0, 0, 0, 0, 0, 0, 0, 0
.	.	.	.	.	.	.	. RTG4_RV32_BaseDesign_MIV_RV32IMA_L1_AHB_0_MIV_RV32IMA_L1_AHB_ASYNC_RESET_REG_30, 1, 0, 0, 0, 0, 0, 0, 0, 0
.	.	.	.	.	.	. RTG4_RV32_BaseDesign_MIV_RV32IMA_L1_AHB_0_MIV_RV32IMA_L1_AHB_ASYNC_VALID_SYNC_3_1, 4, 0, 0, 0, 0, 0, 0, 0, 0
.	.	.	.	.	.	.	. RTG4_RV32_BaseDesign_MIV_RV32IMA_L1_AHB_0_MIV_RV32IMA_L1_AHB_ASYNC_RESET_REG_VEC_1_0_28, 1, 0, 0, 0, 0, 0, 0, 0, 0
.	.	.	.	.	.	.	.	. RTG4_RV32_BaseDesign_MIV_RV32IMA_L1_AHB_0_MIV_RV32IMA_L1_AHB_ASYNC_RESET_REG_31, 1, 0, 0, 0, 0, 0, 0, 0, 0
.	.	.	.	.	.	.	. RTG4_RV32_BaseDesign_MIV_RV32IMA_L1_AHB_0_MIV_RV32IMA_L1_AHB_ASYNC_RESET_REG_VEC_1_0_29, 1, 0, 0, 0, 0, 0, 0, 0, 0
.	.	.	.	.	.	.	.	. RTG4_RV32_BaseDesign_MIV_RV32IMA_L1_AHB_0_MIV_RV32IMA_L1_AHB_ASYNC_RESET_REG_32, 1, 0, 0, 0, 0, 0, 0, 0, 0
.	.	.	.	.	.	.	. RTG4_RV32_BaseDesign_MIV_RV32IMA_L1_AHB_0_MIV_RV32IMA_L1_AHB_ASYNC_RESET_REG_VEC_1_0_30, 1, 0, 0, 0, 0, 0, 0, 0, 0
.	.	.	.	.	.	.	.	. RTG4_RV32_BaseDesign_MIV_RV32IMA_L1_AHB_0_MIV_RV32IMA_L1_AHB_ASYNC_RESET_REG_33, 1, 0, 0, 0, 0, 0, 0, 0, 0
.	.	.	.	.	.	.	. RTG4_RV32_BaseDesign_MIV_RV32IMA_L1_AHB_0_MIV_RV32IMA_L1_AHB_ASYNC_RESET_REG_VEC_1_4, 1, 0, 0, 0, 0, 0, 0, 0, 0
.	.	.	.	.	.	.	.	. RTG4_RV32_BaseDesign_MIV_RV32IMA_L1_AHB_0_MIV_RV32IMA_L1_AHB_ASYNC_RESET_REG_0_1, 1, 0, 0, 0, 0, 0, 0, 0, 0
.	.	.	.	.	.	. RTG4_RV32_BaseDesign_MIV_RV32IMA_L1_AHB_0_MIV_RV32IMA_L1_AHB_ASYNC_VALID_SYNC_4_1, 1, 0, 0, 0, 0, 0, 0, 0, 0
.	.	.	.	.	.	.	. RTG4_RV32_BaseDesign_MIV_RV32IMA_L1_AHB_0_MIV_RV32IMA_L1_AHB_ASYNC_RESET_REG_VEC_1_0_31, 1, 0, 0, 0, 0, 0, 0, 0, 0
.	.	.	.	.	.	.	.	. RTG4_RV32_BaseDesign_MIV_RV32IMA_L1_AHB_0_MIV_RV32IMA_L1_AHB_ASYNC_RESET_REG_34, 1, 0, 0, 0, 0, 0, 0, 0, 0
.	.	.	.	.	.	. RTG4_RV32_BaseDesign_MIV_RV32IMA_L1_AHB_0_MIV_RV32IMA_L1_AHB_ASYNC_VALID_SYNC_5_1, 3, 0, 0, 0, 0, 0, 0, 0, 0
.	.	.	.	.	.	.	. RTG4_RV32_BaseDesign_MIV_RV32IMA_L1_AHB_0_MIV_RV32IMA_L1_AHB_ASYNC_RESET_REG_VEC_1_0_32, 1, 0, 0, 0, 0, 0, 0, 0, 0
.	.	.	.	.	.	.	.	. RTG4_RV32_BaseDesign_MIV_RV32IMA_L1_AHB_0_MIV_RV32IMA_L1_AHB_ASYNC_RESET_REG_35, 1, 0, 0, 0, 0, 0, 0, 0, 0
.	.	.	.	.	.	.	. RTG4_RV32_BaseDesign_MIV_RV32IMA_L1_AHB_0_MIV_RV32IMA_L1_AHB_ASYNC_RESET_REG_VEC_1_0_33, 1, 0, 0, 0, 0, 0, 0, 0, 0
.	.	.	.	.	.	.	.	. RTG4_RV32_BaseDesign_MIV_RV32IMA_L1_AHB_0_MIV_RV32IMA_L1_AHB_ASYNC_RESET_REG_36, 1, 0, 0, 0, 0, 0, 0, 0, 0
.	.	.	.	.	.	.	. RTG4_RV32_BaseDesign_MIV_RV32IMA_L1_AHB_0_MIV_RV32IMA_L1_AHB_ASYNC_RESET_REG_VEC_1_0_34, 1, 0, 0, 0, 0, 0, 0, 0, 0
.	.	.	.	.	.	.	.	. RTG4_RV32_BaseDesign_MIV_RV32IMA_L1_AHB_0_MIV_RV32IMA_L1_AHB_ASYNC_RESET_REG_37, 1, 0, 0, 0, 0, 0, 0, 0, 0
.	.	.	.	.	. RTG4_RV32_BaseDesign_MIV_RV32IMA_L1_AHB_0_MIV_RV32IMA_L1_AHB_RESET_CATCH_AND_SYNC_0, 3, 0, 0, 0, 0, 0, 0, 0, 0
.	.	.	.	.	.	. RTG4_RV32_BaseDesign_MIV_RV32IMA_L1_AHB_0_MIV_RV32IMA_L1_AHB_ASYNC_RESET_REG_VEC_89_0, 3, 0, 0, 0, 0, 0, 0, 0, 0
.	.	.	.	.	.	.	. RTG4_RV32_BaseDesign_MIV_RV32IMA_L1_AHB_0_MIV_RV32IMA_L1_AHB_ASYNC_RESET_REG_33_0, 1, 0, 0, 0, 0, 0, 0, 0, 0
.	.	.	.	.	.	.	. RTG4_RV32_BaseDesign_MIV_RV32IMA_L1_AHB_0_MIV_RV32IMA_L1_AHB_ASYNC_RESET_REG_38, 1, 0, 0, 0, 0, 0, 0, 0, 0
.	.	.	.	.	.	.	. RTG4_RV32_BaseDesign_MIV_RV32IMA_L1_AHB_0_MIV_RV32IMA_L1_AHB_ASYNC_RESET_REG_39, 1, 0, 0, 0, 0, 0, 0, 0, 0
.	.	.	.	.	. RTG4_RV32_BaseDesign_MIV_RV32IMA_L1_AHB_0_MIV_RV32IMA_L1_AHB_TL_ASYNC_CROSSING_SINK, 83, 5, 0, 0, 0, 0, 0, 0, 0
.	.	.	.	.	.	. RTG4_RV32_BaseDesign_MIV_RV32IMA_L1_AHB_0_MIV_RV32IMA_L1_AHB_ASYNC_QUEUE_SINK_1, 46, 3, 0, 0, 0, 0, 0, 0, 0
.	.	.	.	.	.	.	. RTG4_RV32_BaseDesign_MIV_RV32IMA_L1_AHB_0_MIV_RV32IMA_L1_AHB_ASYNC_RESET_REG_VEC_1_0, 1, 0, 0, 0, 0, 0, 0, 0, 0
.	.	.	.	.	.	.	.	. RTG4_RV32_BaseDesign_MIV_RV32IMA_L1_AHB_0_MIV_RV32IMA_L1_AHB_ASYNC_RESET_REG, 1, 0, 0, 0, 0, 0, 0, 0, 0
.	.	.	.	.	.	.	. RTG4_RV32_BaseDesign_MIV_RV32IMA_L1_AHB_0_MIV_RV32IMA_L1_AHB_ASYNC_RESET_REG_VEC_1_0_0, 1, 0, 0, 0, 0, 0, 0, 0, 0
.	.	.	.	.	.	.	.	. RTG4_RV32_BaseDesign_MIV_RV32IMA_L1_AHB_0_MIV_RV32IMA_L1_AHB_ASYNC_RESET_REG_3, 1, 0, 0, 0, 0, 0, 0, 0, 0
.	.	.	.	.	.	.	. RTG4_RV32_BaseDesign_MIV_RV32IMA_L1_AHB_0_MIV_RV32IMA_L1_AHB_ASYNC_RESET_REG_VEC_1_0_1, 1, 0, 0, 0, 0, 0, 0, 0, 0
.	.	.	.	.	.	.	.	. RTG4_RV32_BaseDesign_MIV_RV32IMA_L1_AHB_0_MIV_RV32IMA_L1_AHB_ASYNC_RESET_REG_4, 1, 0, 0, 0, 0, 0, 0, 0, 0
.	.	.	.	.	.	.	. RTG4_RV32_BaseDesign_MIV_RV32IMA_L1_AHB_0_MIV_RV32IMA_L1_AHB_ASYNC_RESET_REG_VEC_1_0_2, 1, 0, 0, 0, 0, 0, 0, 0, 0
.	.	.	.	.	.	.	.	. RTG4_RV32_BaseDesign_MIV_RV32IMA_L1_AHB_0_MIV_RV32IMA_L1_AHB_ASYNC_RESET_REG_5, 1, 0, 0, 0, 0, 0, 0, 0, 0
.	.	.	.	.	.	.	. RTG4_RV32_BaseDesign_MIV_RV32IMA_L1_AHB_0_MIV_RV32IMA_L1_AHB_ASYNC_RESET_REG_VEC_1_0_3, 1, 0, 0, 0, 0, 0, 0, 0, 0
.	.	.	.	.	.	.	.	. RTG4_RV32_BaseDesign_MIV_RV32IMA_L1_AHB_0_MIV_RV32IMA_L1_AHB_ASYNC_RESET_REG_6, 1, 0, 0, 0, 0, 0, 0, 0, 0
.	.	.	.	.	.	. RTG4_RV32_BaseDesign_MIV_RV32IMA_L1_AHB_0_MIV_RV32IMA_L1_AHB_ASYNC_QUEUE_SOURCE_2, 37, 2, 0, 0, 0, 0, 0, 0, 0
.	.	.	.	.	.	.	. RTG4_RV32_BaseDesign_MIV_RV32IMA_L1_AHB_0_MIV_RV32IMA_L1_AHB_ASYNC_RESET_REG_VEC_1_0_11, 1, 0, 0, 0, 0, 0, 0, 0, 0
.	.	.	.	.	.	.	.	. RTG4_RV32_BaseDesign_MIV_RV32IMA_L1_AHB_0_MIV_RV32IMA_L1_AHB_ASYNC_RESET_REG_14, 1, 0, 0, 0, 0, 0, 0, 0, 0
.	.	.	.	.	.	.	. RTG4_RV32_BaseDesign_MIV_RV32IMA_L1_AHB_0_MIV_RV32IMA_L1_AHB_ASYNC_RESET_REG_VEC_1_0_12, 1, 0, 0, 0, 0, 0, 0, 0, 0
.	.	.	.	.	.	.	.	. RTG4_RV32_BaseDesign_MIV_RV32IMA_L1_AHB_0_MIV_RV32IMA_L1_AHB_ASYNC_RESET_REG_15, 1, 0, 0, 0, 0, 0, 0, 0, 0
.	.	.	.	.	.	.	. RTG4_RV32_BaseDesign_MIV_RV32IMA_L1_AHB_0_MIV_RV32IMA_L1_AHB_ASYNC_RESET_REG_VEC_1_0_13, 1, 0, 0, 0, 0, 0, 0, 0, 0
.	.	.	.	.	.	.	.	. RTG4_RV32_BaseDesign_MIV_RV32IMA_L1_AHB_0_MIV_RV32IMA_L1_AHB_ASYNC_RESET_REG_16, 1, 0, 0, 0, 0, 0, 0, 0, 0
.	.	.	.	.	.	.	. RTG4_RV32_BaseDesign_MIV_RV32IMA_L1_AHB_0_MIV_RV32IMA_L1_AHB_ASYNC_RESET_REG_VEC_1_0_14, 1, 0, 0, 0, 0, 0, 0, 0, 0
.	.	.	.	.	.	.	.	. RTG4_RV32_BaseDesign_MIV_RV32IMA_L1_AHB_0_MIV_RV32IMA_L1_AHB_ASYNC_RESET_REG_17, 1, 0, 0, 0, 0, 0, 0, 0, 0
.	.	.	.	.	.	.	. RTG4_RV32_BaseDesign_MIV_RV32IMA_L1_AHB_0_MIV_RV32IMA_L1_AHB_ASYNC_RESET_REG_VEC_1_0_15, 1, 0, 0, 0, 0, 0, 0, 0, 0
.	.	.	.	.	.	.	.	. RTG4_RV32_BaseDesign_MIV_RV32IMA_L1_AHB_0_MIV_RV32IMA_L1_AHB_ASYNC_RESET_REG_18, 1, 0, 0, 0, 0, 0, 0, 0, 0
.	.	.	.	.	. RTG4_RV32_BaseDesign_MIV_RV32IMA_L1_AHB_0_MIV_RV32IMA_L1_AHB_TL_DEBUG_MODULE_INNER_DM_INNER, 562, 1701, 14, 0, 0, 0, 0, 0, 0
.	.	.	.	. RTG4_RV32_BaseDesign_MIV_RV32IMA_L1_AHB_0_MIV_RV32IMA_L1_AHB_TL_DEBUG_MODULE_OUTER_ASYNC_DM_OUTER, 123, 68, 0, 0, 0, 0, 0, 0, 0
.	.	.	.	.	. RTG4_RV32_BaseDesign_MIV_RV32IMA_L1_AHB_0_MIV_RV32IMA_L1_AHB_ASYNC_QUEUE_SOURCE_1, 24, 6, 0, 0, 0, 0, 0, 0, 0
.	.	.	.	.	.	. RTG4_RV32_BaseDesign_MIV_RV32IMA_L1_AHB_0_MIV_RV32IMA_L1_AHB_ASYNC_RESET_REG_VEC_1_2_24, 1, 1, 0, 0, 0, 0, 0, 0, 0
.	.	.	.	.	.	.	. RTG4_RV32_BaseDesign_MIV_RV32IMA_L1_AHB_0_MIV_RV32IMA_L1_AHB_ASYNC_RESET_REG_2_56, 1, 1, 0, 0, 0, 0, 0, 0, 0
.	.	.	.	.	.	. RTG4_RV32_BaseDesign_MIV_RV32IMA_L1_AHB_0_MIV_RV32IMA_L1_AHB_ASYNC_RESET_REG_VEC_1_2_25, 1, 0, 0, 0, 0, 0, 0, 0, 0
.	.	.	.	.	.	.	. RTG4_RV32_BaseDesign_MIV_RV32IMA_L1_AHB_0_MIV_RV32IMA_L1_AHB_ASYNC_RESET_REG_2_57, 1, 0, 0, 0, 0, 0, 0, 0, 0
.	.	.	.	.	.	. RTG4_RV32_BaseDesign_MIV_RV32IMA_L1_AHB_0_MIV_RV32IMA_L1_AHB_ASYNC_RESET_REG_VEC_1_2_26, 1, 0, 0, 0, 0, 0, 0, 0, 0
.	.	.	.	.	.	.	. RTG4_RV32_BaseDesign_MIV_RV32IMA_L1_AHB_0_MIV_RV32IMA_L1_AHB_ASYNC_RESET_REG_2_58, 1, 0, 0, 0, 0, 0, 0, 0, 0
.	.	.	.	.	.	. RTG4_RV32_BaseDesign_MIV_RV32IMA_L1_AHB_0_MIV_RV32IMA_L1_AHB_ASYNC_RESET_REG_VEC_1_2_27, 1, 0, 0, 0, 0, 0, 0, 0, 0
.	.	.	.	.	.	.	. RTG4_RV32_BaseDesign_MIV_RV32IMA_L1_AHB_0_MIV_RV32IMA_L1_AHB_ASYNC_RESET_REG_2_59, 1, 0, 0, 0, 0, 0, 0, 0, 0
.	.	.	.	.	.	. RTG4_RV32_BaseDesign_MIV_RV32IMA_L1_AHB_0_MIV_RV32IMA_L1_AHB_ASYNC_RESET_REG_VEC_1_2_28, 1, 2, 0, 0, 0, 0, 0, 0, 0
.	.	.	.	.	.	.	. RTG4_RV32_BaseDesign_MIV_RV32IMA_L1_AHB_0_MIV_RV32IMA_L1_AHB_ASYNC_RESET_REG_2_60, 1, 2, 0, 0, 0, 0, 0, 0, 0
.	.	.	.	.	.	. RTG4_RV32_BaseDesign_MIV_RV32IMA_L1_AHB_0_MIV_RV32IMA_L1_AHB_ASYNC_VALID_SYNC_0, 4, 0, 0, 0, 0, 0, 0, 0, 0
.	.	.	.	.	.	.	. RTG4_RV32_BaseDesign_MIV_RV32IMA_L1_AHB_0_MIV_RV32IMA_L1_AHB_ASYNC_RESET_REG_VEC_1_1_1, 1, 0, 0, 0, 0, 0, 0, 0, 0
.	.	.	.	.	.	.	.	. RTG4_RV32_BaseDesign_MIV_RV32IMA_L1_AHB_0_MIV_RV32IMA_L1_AHB_ASYNC_RESET_REG_1_1, 1, 0, 0, 0, 0, 0, 0, 0, 0
.	.	.	.	.	.	.	. RTG4_RV32_BaseDesign_MIV_RV32IMA_L1_AHB_0_MIV_RV32IMA_L1_AHB_ASYNC_RESET_REG_VEC_1_2_29, 1, 0, 0, 0, 0, 0, 0, 0, 0
.	.	.	.	.	.	.	.	. RTG4_RV32_BaseDesign_MIV_RV32IMA_L1_AHB_0_MIV_RV32IMA_L1_AHB_ASYNC_RESET_REG_2_61, 1, 0, 0, 0, 0, 0, 0, 0, 0
.	.	.	.	.	.	.	. RTG4_RV32_BaseDesign_MIV_RV32IMA_L1_AHB_0_MIV_RV32IMA_L1_AHB_ASYNC_RESET_REG_VEC_1_2_30, 1, 0, 0, 0, 0, 0, 0, 0, 0
.	.	.	.	.	.	.	.	. RTG4_RV32_BaseDesign_MIV_RV32IMA_L1_AHB_0_MIV_RV32IMA_L1_AHB_ASYNC_RESET_REG_2_62, 1, 0, 0, 0, 0, 0, 0, 0, 0
.	.	.	.	.	.	.	. RTG4_RV32_BaseDesign_MIV_RV32IMA_L1_AHB_0_MIV_RV32IMA_L1_AHB_ASYNC_RESET_REG_VEC_1_2_31, 1, 0, 0, 0, 0, 0, 0, 0, 0
.	.	.	.	.	.	.	.	. RTG4_RV32_BaseDesign_MIV_RV32IMA_L1_AHB_0_MIV_RV32IMA_L1_AHB_ASYNC_RESET_REG_2_63, 1, 0, 0, 0, 0, 0, 0, 0, 0
.	.	.	.	.	.	. RTG4_RV32_BaseDesign_MIV_RV32IMA_L1_AHB_0_MIV_RV32IMA_L1_AHB_ASYNC_VALID_SYNC_1_0, 1, 0, 0, 0, 0, 0, 0, 0, 0
.	.	.	.	.	.	.	. RTG4_RV32_BaseDesign_MIV_RV32IMA_L1_AHB_0_MIV_RV32IMA_L1_AHB_ASYNC_RESET_REG_VEC_1_2_32, 1, 0, 0, 0, 0, 0, 0, 0, 0
.	.	.	.	.	.	.	.	. RTG4_RV32_BaseDesign_MIV_RV32IMA_L1_AHB_0_MIV_RV32IMA_L1_AHB_ASYNC_RESET_REG_2_64, 1, 0, 0, 0, 0, 0, 0, 0, 0
.	.	.	.	.	.	. RTG4_RV32_BaseDesign_MIV_RV32IMA_L1_AHB_0_MIV_RV32IMA_L1_AHB_ASYNC_VALID_SYNC_2_0_0, 3, 0, 0, 0, 0, 0, 0, 0, 0
.	.	.	.	.	.	.	. RTG4_RV32_BaseDesign_MIV_RV32IMA_L1_AHB_0_MIV_RV32IMA_L1_AHB_ASYNC_RESET_REG_VEC_1_2_33, 1, 0, 0, 0, 0, 0, 0, 0, 0
.	.	.	.	.	.	.	.	. RTG4_RV32_BaseDesign_MIV_RV32IMA_L1_AHB_0_MIV_RV32IMA_L1_AHB_ASYNC_RESET_REG_2_65, 1, 0, 0, 0, 0, 0, 0, 0, 0
.	.	.	.	.	.	.	. RTG4_RV32_BaseDesign_MIV_RV32IMA_L1_AHB_0_MIV_RV32IMA_L1_AHB_ASYNC_RESET_REG_VEC_1_2_34, 1, 0, 0, 0, 0, 0, 0, 0, 0
.	.	.	.	.	.	.	.	. RTG4_RV32_BaseDesign_MIV_RV32IMA_L1_AHB_0_MIV_RV32IMA_L1_AHB_ASYNC_RESET_REG_2_66, 1, 0, 0, 0, 0, 0, 0, 0, 0
.	.	.	.	.	.	.	. RTG4_RV32_BaseDesign_MIV_RV32IMA_L1_AHB_0_MIV_RV32IMA_L1_AHB_ASYNC_RESET_REG_VEC_1_2_35, 1, 0, 0, 0, 0, 0, 0, 0, 0
.	.	.	.	.	.	.	.	. RTG4_RV32_BaseDesign_MIV_RV32IMA_L1_AHB_0_MIV_RV32IMA_L1_AHB_ASYNC_RESET_REG_2_67, 1, 0, 0, 0, 0, 0, 0, 0, 0
.	.	.	.	.	. RTG4_RV32_BaseDesign_MIV_RV32IMA_L1_AHB_0_MIV_RV32IMA_L1_AHB_DMI_TO_TL_DMI2TL, 0, 5, 0, 0, 0, 0, 0, 0, 0
.	.	.	.	.	. RTG4_RV32_BaseDesign_MIV_RV32IMA_L1_AHB_0_MIV_RV32IMA_L1_AHB_TL_ASYNC_CROSSING_SOURCE_DM_INNER, 83, 10, 0, 0, 0, 0, 0, 0, 0
.	.	.	.	.	.	. RTG4_RV32_BaseDesign_MIV_RV32IMA_L1_AHB_0_MIV_RV32IMA_L1_AHB_ASYNC_QUEUE_SINK, 37, 7, 0, 0, 0, 0, 0, 0, 0
.	.	.	.	.	.	.	. RTG4_RV32_BaseDesign_MIV_RV32IMA_L1_AHB_0_MIV_RV32IMA_L1_AHB_ASYNC_RESET_REG_VEC_1_2_12, 1, 3, 0, 0, 0, 0, 0, 0, 0
.	.	.	.	.	.	.	.	. RTG4_RV32_BaseDesign_MIV_RV32IMA_L1_AHB_0_MIV_RV32IMA_L1_AHB_ASYNC_RESET_REG_2_44, 1, 3, 0, 0, 0, 0, 0, 0, 0
.	.	.	.	.	.	.	. RTG4_RV32_BaseDesign_MIV_RV32IMA_L1_AHB_0_MIV_RV32IMA_L1_AHB_ASYNC_RESET_REG_VEC_1_2_13, 1, 0, 0, 0, 0, 0, 0, 0, 0
.	.	.	.	.	.	.	.	. RTG4_RV32_BaseDesign_MIV_RV32IMA_L1_AHB_0_MIV_RV32IMA_L1_AHB_ASYNC_RESET_REG_2_45, 1, 0, 0, 0, 0, 0, 0, 0, 0
.	.	.	.	.	.	.	. RTG4_RV32_BaseDesign_MIV_RV32IMA_L1_AHB_0_MIV_RV32IMA_L1_AHB_ASYNC_RESET_REG_VEC_1_2_14, 1, 0, 0, 0, 0, 0, 0, 0, 0
.	.	.	.	.	.	.	.	. RTG4_RV32_BaseDesign_MIV_RV32IMA_L1_AHB_0_MIV_RV32IMA_L1_AHB_ASYNC_RESET_REG_2_46, 1, 0, 0, 0, 0, 0, 0, 0, 0
.	.	.	.	.	.	.	. RTG4_RV32_BaseDesign_MIV_RV32IMA_L1_AHB_0_MIV_RV32IMA_L1_AHB_ASYNC_RESET_REG_VEC_1_2_15, 1, 0, 0, 0, 0, 0, 0, 0, 0
.	.	.	.	.	.	.	.	. RTG4_RV32_BaseDesign_MIV_RV32IMA_L1_AHB_0_MIV_RV32IMA_L1_AHB_ASYNC_RESET_REG_2_47, 1, 0, 0, 0, 0, 0, 0, 0, 0
.	.	.	.	.	.	.	. RTG4_RV32_BaseDesign_MIV_RV32IMA_L1_AHB_0_MIV_RV32IMA_L1_AHB_ASYNC_RESET_REG_VEC_1_2_16, 1, 1, 0, 0, 0, 0, 0, 0, 0
.	.	.	.	.	.	.	.	. RTG4_RV32_BaseDesign_MIV_RV32IMA_L1_AHB_0_MIV_RV32IMA_L1_AHB_ASYNC_RESET_REG_2_48, 1, 1, 0, 0, 0, 0, 0, 0, 0
.	.	.	.	.	.	. RTG4_RV32_BaseDesign_MIV_RV32IMA_L1_AHB_0_MIV_RV32IMA_L1_AHB_ASYNC_QUEUE_SOURCE, 46, 3, 0, 0, 0, 0, 0, 0, 0
.	.	.	.	.	.	.	. RTG4_RV32_BaseDesign_MIV_RV32IMA_L1_AHB_0_MIV_RV32IMA_L1_AHB_ASYNC_RESET_REG_VEC_1_2_0, 1, 1, 0, 0, 0, 0, 0, 0, 0
.	.	.	.	.	.	.	.	. RTG4_RV32_BaseDesign_MIV_RV32IMA_L1_AHB_0_MIV_RV32IMA_L1_AHB_ASYNC_RESET_REG_2_32, 1, 1, 0, 0, 0, 0, 0, 0, 0
.	.	.	.	.	.	.	. RTG4_RV32_BaseDesign_MIV_RV32IMA_L1_AHB_0_MIV_RV32IMA_L1_AHB_ASYNC_RESET_REG_VEC_1_2_1, 1, 0, 0, 0, 0, 0, 0, 0, 0
.	.	.	.	.	.	.	.	. RTG4_RV32_BaseDesign_MIV_RV32IMA_L1_AHB_0_MIV_RV32IMA_L1_AHB_ASYNC_RESET_REG_2_33, 1, 0, 0, 0, 0, 0, 0, 0, 0
.	.	.	.	.	.	.	. RTG4_RV32_BaseDesign_MIV_RV32IMA_L1_AHB_0_MIV_RV32IMA_L1_AHB_ASYNC_RESET_REG_VEC_1_2_2, 1, 0, 0, 0, 0, 0, 0, 0, 0
.	.	.	.	.	.	.	.	. RTG4_RV32_BaseDesign_MIV_RV32IMA_L1_AHB_0_MIV_RV32IMA_L1_AHB_ASYNC_RESET_REG_2_34, 1, 0, 0, 0, 0, 0, 0, 0, 0
.	.	.	.	.	.	.	. RTG4_RV32_BaseDesign_MIV_RV32IMA_L1_AHB_0_MIV_RV32IMA_L1_AHB_ASYNC_RESET_REG_VEC_1_2_3, 1, 0, 0, 0, 0, 0, 0, 0, 0
.	.	.	.	.	.	.	.	. RTG4_RV32_BaseDesign_MIV_RV32IMA_L1_AHB_0_MIV_RV32IMA_L1_AHB_ASYNC_RESET_REG_2_35, 1, 0, 0, 0, 0, 0, 0, 0, 0
.	.	.	.	.	.	.	. RTG4_RV32_BaseDesign_MIV_RV32IMA_L1_AHB_0_MIV_RV32IMA_L1_AHB_ASYNC_RESET_REG_VEC_1_2_4, 1, 1, 0, 0, 0, 0, 0, 0, 0
.	.	.	.	.	.	.	.	. RTG4_RV32_BaseDesign_MIV_RV32IMA_L1_AHB_0_MIV_RV32IMA_L1_AHB_ASYNC_RESET_REG_2_36, 1, 1, 0, 0, 0, 0, 0, 0, 0
.	.	.	.	.	. RTG4_RV32_BaseDesign_MIV_RV32IMA_L1_AHB_0_MIV_RV32IMA_L1_AHB_TL_DEBUG_MODULE_OUTER_DM_OUTER, 15, 37, 0, 0, 0, 0, 0, 0, 0
.	.	.	.	.	.	. RTG4_RV32_BaseDesign_MIV_RV32IMA_L1_AHB_0_MIV_RV32IMA_L1_AHB_ASYNC_RESET_REG_VEC, 14, 16, 0, 0, 0, 0, 0, 0, 0
.	.	.	.	.	.	.	. RTG4_RV32_BaseDesign_MIV_RV32IMA_L1_AHB_0_MIV_RV32IMA_L1_AHB_ASYNC_RESET_REG_2, 1, 3, 0, 0, 0, 0, 0, 0, 0
.	.	.	.	.	.	.	. RTG4_RV32_BaseDesign_MIV_RV32IMA_L1_AHB_0_MIV_RV32IMA_L1_AHB_ASYNC_RESET_REG_2_0, 1, 0, 0, 0, 0, 0, 0, 0, 0
.	.	.	.	.	.	.	. RTG4_RV32_BaseDesign_MIV_RV32IMA_L1_AHB_0_MIV_RV32IMA_L1_AHB_ASYNC_RESET_REG_2_15, 1, 1, 0, 0, 0, 0, 0, 0, 0
.	.	.	.	.	.	.	. RTG4_RV32_BaseDesign_MIV_RV32IMA_L1_AHB_0_MIV_RV32IMA_L1_AHB_ASYNC_RESET_REG_2_16, 1, 1, 0, 0, 0, 0, 0, 0, 0
.	.	.	.	.	.	.	. RTG4_RV32_BaseDesign_MIV_RV32IMA_L1_AHB_0_MIV_RV32IMA_L1_AHB_ASYNC_RESET_REG_2_17, 1, 1, 0, 0, 0, 0, 0, 0, 0
.	.	.	.	.	.	.	. RTG4_RV32_BaseDesign_MIV_RV32IMA_L1_AHB_0_MIV_RV32IMA_L1_AHB_ASYNC_RESET_REG_2_18, 1, 2, 0, 0, 0, 0, 0, 0, 0
.	.	.	.	.	.	.	. RTG4_RV32_BaseDesign_MIV_RV32IMA_L1_AHB_0_MIV_RV32IMA_L1_AHB_ASYNC_RESET_REG_2_19, 1, 1, 0, 0, 0, 0, 0, 0, 0
.	.	.	.	.	.	.	. RTG4_RV32_BaseDesign_MIV_RV32IMA_L1_AHB_0_MIV_RV32IMA_L1_AHB_ASYNC_RESET_REG_2_20, 1, 1, 0, 0, 0, 0, 0, 0, 0
.	.	.	.	.	.	.	. RTG4_RV32_BaseDesign_MIV_RV32IMA_L1_AHB_0_MIV_RV32IMA_L1_AHB_ASYNC_RESET_REG_2_21, 1, 1, 0, 0, 0, 0, 0, 0, 0
.	.	.	.	.	.	.	. RTG4_RV32_BaseDesign_MIV_RV32IMA_L1_AHB_0_MIV_RV32IMA_L1_AHB_ASYNC_RESET_REG_2_22, 1, 2, 0, 0, 0, 0, 0, 0, 0
.	.	.	.	.	.	.	. RTG4_RV32_BaseDesign_MIV_RV32IMA_L1_AHB_0_MIV_RV32IMA_L1_AHB_ASYNC_RESET_REG_2_23, 1, 1, 0, 0, 0, 0, 0, 0, 0
.	.	.	.	.	.	.	. RTG4_RV32_BaseDesign_MIV_RV32IMA_L1_AHB_0_MIV_RV32IMA_L1_AHB_ASYNC_RESET_REG_2_24, 1, 1, 0, 0, 0, 0, 0, 0, 0
.	.	.	.	.	.	.	. RTG4_RV32_BaseDesign_MIV_RV32IMA_L1_AHB_0_MIV_RV32IMA_L1_AHB_ASYNC_RESET_REG_2_29, 1, 1, 0, 0, 0, 0, 0, 0, 0
.	.	.	.	.	.	.	. RTG4_RV32_BaseDesign_MIV_RV32IMA_L1_AHB_0_MIV_RV32IMA_L1_AHB_ASYNC_RESET_REG_2_30, 1, 0, 0, 0, 0, 0, 0, 0, 0
.	.	.	.	.	.	. RTG4_RV32_BaseDesign_MIV_RV32IMA_L1_AHB_0_MIV_RV32IMA_L1_AHB_ASYNC_RESET_REG_VEC_1_2, 1, 0, 0, 0, 0, 0, 0, 0, 0
.	.	.	.	.	.	.	. RTG4_RV32_BaseDesign_MIV_RV32IMA_L1_AHB_0_MIV_RV32IMA_L1_AHB_ASYNC_RESET_REG_2_31, 1, 0, 0, 0, 0, 0, 0, 0, 0
.	.	.	.	.	. RTG4_RV32_BaseDesign_MIV_RV32IMA_L1_AHB_0_MIV_RV32IMA_L1_AHB_TL_XBAR_DMI_XBAR, 1, 10, 0, 0, 0, 0, 0, 0, 0
.	.	.	. RTG4_RV32_BaseDesign_MIV_RV32IMA_L1_AHB_0_MIV_RV32IMA_L1_AHB_TL_ERROR_ERROR, 56, 72, 43, 0, 0, 0, 0, 0, 0
.	.	.	.	. RTG4_RV32_BaseDesign_MIV_RV32IMA_L1_AHB_0_MIV_RV32IMA_L1_AHB_QUEUE_21, 9, 2, 0, 0, 0, 0, 0, 0, 0
.	.	.	.	. RTG4_RV32_BaseDesign_MIV_RV32IMA_L1_AHB_0_MIV_RV32IMA_L1_AHB_QUEUE_22, 5, 2, 0, 0, 0, 0, 0, 0, 0
.	.	.	. RTG4_RV32_BaseDesign_MIV_RV32IMA_L1_AHB_0_MIV_RV32IMA_L1_AHB_TL_FRAGMENTER_1, 108, 205, 0, 0, 0, 0, 0, 0, 0
.	.	.	.	. RTG4_RV32_BaseDesign_MIV_RV32IMA_L1_AHB_0_MIV_RV32IMA_L1_AHB_REPEATER_0, 23, 19, 0, 0, 0, 0, 0, 0, 0
.	.	.	.	. RTG4_RV32_BaseDesign_MIV_RV32IMA_L1_AHB_0_MIV_RV32IMA_L1_AHB_REPEATER_1, 33, 35, 0, 0, 0, 0, 0, 0, 0
.	.	.	.	. RTG4_RV32_BaseDesign_MIV_RV32IMA_L1_AHB_0_MIV_RV32IMA_L1_AHB_REPEATER_2, 19, 20, 0, 0, 0, 0, 0, 0, 0
.	.	.	. RTG4_RV32_BaseDesign_MIV_RV32IMA_L1_AHB_0_MIV_RV32IMA_L1_AHB_TL_TO_AHB, 180, 209, 0, 0, 0, 0, 0, 0, 0
.	.	.	.	. RTG4_RV32_BaseDesign_MIV_RV32IMA_L1_AHB_0_MIV_RV32IMA_L1_AHB_QUEUE_20, 81, 91, 0, 0, 0, 0, 0, 0, 0
.	.	.	. RTG4_RV32_BaseDesign_MIV_RV32IMA_L1_AHB_0_MIV_RV32IMA_L1_AHB_TL_TO_AHB_CONVERTER, 203, 268, 0, 0, 0, 0, 0, 0, 0
.	.	.	.	. RTG4_RV32_BaseDesign_MIV_RV32IMA_L1_AHB_0_MIV_RV32IMA_L1_AHB_QUEUE_19, 83, 91, 0, 0, 0, 0, 0, 0, 0
.	.	.	. RTG4_RV32_BaseDesign_MIV_RV32IMA_L1_AHB_0_MIV_RV32IMA_L1_AHB_TL_XBAR_PERIPHERY_BUS, 9, 258, 0, 0, 0, 0, 0, 0, 0
.	.	.	. RTG4_RV32_BaseDesign_MIV_RV32IMA_L1_AHB_0_MIV_RV32IMA_L1_AHB_TL_XBAR_SYSTEM_BUS, 17, 211, 10, 0, 0, 0, 0, 0, 0
.	. RTG4_RV32_BaseDesign_RTG4FCCC_0_RTG4FCCC, 0, 0, 0, 0, 0, 0, 0, 2, 0
.	. reset_synchronizer, 4, 1, 0, 0, 0, 0, 0, 1, 0