<spirit:component xmlns:actel-cc="http://www.actel.com/XMLSchema/CoreConsole" xmlns:spirit="http://www.spiritconsortium.org/XMLSchema/SPIRIT/1.1" xmlns:xsi="http://www.w3.org/2001/XMLSchema-instance" xsi:schemaLocation="http://www.spiritconsortium.org/XMLSchema/SPIRIT/1.1 http://www.spiritconsortium.org/XMLSchema/SPIRIT/1.1/component.xsd">
  <spirit:vendor>User</spirit:vendor>
  <spirit:library>Private</spirit:library>
  <spirit:name>reset_synchronizer</spirit:name>
  <spirit:version>1.0</spirit:version>
  <spirit:busInterfaces>
  </spirit:busInterfaces>
  <spirit:memoryMaps>
  </spirit:memoryMaps>
  <spirit:hwModel>
    <spirit:views>
    </spirit:views>
    <spirit:signals>
      <spirit:signal>
        <spirit:name>clock</spirit:name>
        <spirit:direction>in</spirit:direction>
      </spirit:signal>
      <spirit:signal>
        <spirit:name>reset</spirit:name>
        <spirit:direction>in</spirit:direction>
      </spirit:signal>
      <spirit:signal>
        <spirit:name>reset_sync</spirit:name>
        <spirit:direction>out</spirit:direction>
      </spirit:signal>
    </spirit:signals>
    <spirit:hwParameters>
      <spirit:hwParameter spirit:id="ACTIVE_HIGH_RESET" spirit:name="ACTIVE_HIGH_RESET" spirit:prompt="ACTIVE_HIGH_RESET:" spirit:dataType="int" spirit:resolve="user">1</spirit:hwParameter>
    </spirit:hwParameters>
  </spirit:hwModel>
  <spirit:choices>
  </spirit:choices>
  <spirit:fileSets>
  <spirit:fileSet spirit:fileSetId="HDL_FILESET">
    <spirit:file>
      <spirit:name>hdl/reset_synchronizer.v</spirit:name>
      <spirit:fileType>verilogSource</spirit:fileType>
    <spirit:vendorExtensions></spirit:vendorExtensions>
    </spirit:file>
  <spirit:vendorExtensions></spirit:vendorExtensions>
  </spirit:fileSet>
  </spirit:fileSets>
  <spirit:vendorExtensions>
    <actel-cc:type typeName="IP"/>
    <actel-cc:instantiateOnCreation value="false"/>
    <actel-cc:diveInPermission value="READ_WRITE"/>
    <actel-cc:categories categoryName="OS" style="hidden">
      <actel-cc:category name="PC">
      </actel-cc:category>
    </actel-cc:categories>
  </spirit:vendorExtensions>
</spirit:component>
