<?xml version="1.0" encoding="ISO-8859-1" ?>
<?xml-stylesheet type="text/xsl" href="drcss.xsl"?>
<drcreport>
  <header>PROC_SUBSYSTEM</header>
  <drc>
    <status>C:\Microsemi\Libero_SoC_v11.8\Designer/data/drcreport\warn.png</status>
    <StatusMessage>Warning</StatusMessage>
    <message>Floating Driver</message>
    <detail>Floating output pin Application_RISCV:AHB_MST_MMIO_HSEL</detail>
    <crossprobe>liberoaction://cross_probe/smartdesign/PROC_SUBSYSTEM/pins/Application_RISCV:AHB_MST_MMIO_HSEL</crossprobe>
  </drc>
  <drc>
    <status>C:\Microsemi\Libero_SoC_v11.8\Designer/data/drcreport\warn.png</status>
    <StatusMessage>Warning</StatusMessage>
    <message>Floating Driver</message>
    <detail>Floating output pin Application_RISCV:EXT_RESETN</detail>
    <crossprobe>liberoaction://cross_probe/smartdesign/PROC_SUBSYSTEM/pins/Application_RISCV:EXT_RESETN</crossprobe>
  </drc>
</drcreport>
