<?xml version="1.0" encoding="UTF-8" standalone="no" ?>
<?xml-stylesheet href="rptstyle.xsl" type="text/xsl" ?>
<doc>
<title>Global Net Report</title>
<text>Microsemi Corporation - Microsemi Libero Software Release v11.8 SP3 (Version 11.8.3.6)</text>
<text>Date: Wed Aug 08 12:36:40 2018
</text>
<section>
<name>Global Nets Information</name>
<table>
<header>
 <cell/>
 <cell> From </cell>
 <cell> GB Location </cell>
 <cell> Net Name </cell>
 <cell> Fanout </cell>
</header>
<row>
 <cell>1</cell>
 <cell>GBL[19] </cell>
 <cell>(727, 154)</cell>
 <cell>RTG4FCCC_0/GL0_INST/U0_Y</cell>
 <cell>5316</cell>
</row>
<row>
 <cell>2</cell>
 <cell>GBL[22] </cell>
 <cell>(730, 154)</cell>
 <cell>AND2_0_RNIKOS1/U0_Y</cell>
 <cell>610</cell>
</row>
<row>
 <cell>3</cell>
 <cell>GBL[23] </cell>
 <cell>(731, 154)</cell>
 <cell>COREJTAGDEBUG_0/tck_clkint/U0_Y</cell>
 <cell>296</cell>
</row>
<row>
 <cell>4</cell>
 <cell>GBL[18] </cell>
 <cell>(726, 154)</cell>
 <cell>RTG4FCCC_0/GL1_INST/U0_Y</cell>
 <cell>128</cell>
</row>
<row>
 <cell>5</cell>
 <cell>GRESET </cell>
 <cell>(708, 155)</cell>
 <cell>AND2_0</cell>
 <cell>40</cell>
</row>
<row>
 <cell>6</cell>
 <cell>GBR[21] </cell>
 <cell>(741, 154)</cell>
 <cell>COREJTAGDEBUG_0/genblk1_udrck_clkint/U0_Y</cell>
 <cell>16</cell>
</row>
<row>
 <cell>7</cell>
 <cell>GBR[11] </cell>
 <cell>(743, 153)</cell>
 <cell>COREJTAGDEBUG_0/UJTAG_0_RNIFG38</cell>
 <cell>16</cell>
</row>
</table>
<text></text>
</section>
<section>
<name>I/O to GB Connections</name>
<text>(none)</text>
</section>
<section>
<name>Fabric to GB Connections</name>
<table>
<header>
 <cell/>
 <cell> From </cell>
 <cell> From Location </cell>
 <cell> To </cell>
 <cell> Net Name </cell>
 <cell> Net Type </cell>
 <cell> Fanout </cell>
</header>
<row>
 <cell>1</cell>
 <cell>AND2_0:Y</cell>
 <cell>(1508, 3)</cell>
 <cell>GBL[22] </cell>
 <cell>AND2_0_greset</cell>
 <cell>ROUTED</cell>
 <cell>2</cell>
</row>
<row>
 <cell>2</cell>
 <cell>COREJTAGDEBUG_0/genblk1.UJ_JTAG_0/un1_duttck_inferred_clock_RNI1HH4:Y</cell>
 <cell>(1430, 24)</cell>
 <cell>GBL[23] </cell>
 <cell>COREJTAGDEBUG_0/un1_duttck_i_0</cell>
 <cell>ROUTED</cell>
 <cell>1</cell>
</row>
<row>
 <cell>3</cell>
 <cell>AND2_0:Y</cell>
 <cell>(1508, 3)</cell>
 <cell>GRESET </cell>
 <cell>AND2_0_greset</cell>
 <cell>ROUTED</cell>
 <cell>2</cell>
</row>
<row>
 <cell>4</cell>
 <cell>COREJTAGDEBUG_0/genblk1.UJTAG_0/INST_UJTAG_IP:UDRCK</cell>
 <cell>(1489, 2)</cell>
 <cell>GBR[21] </cell>
 <cell>COREJTAGDEBUG_0/iUDRCK</cell>
 <cell>ROUTED</cell>
 <cell>2</cell>
</row>
<row>
 <cell>5</cell>
 <cell>COREJTAGDEBUG_0/genblk1.UJTAG_0/INST_UJTAG_IP:URSTB</cell>
 <cell>(1489, 2)</cell>
 <cell>GBR[11] </cell>
 <cell>COREJTAGDEBUG_0/UJTAG_0_URSTB</cell>
 <cell>ROUTED</cell>
 <cell>2</cell>
</row>
</table>
<text></text>
</section>
<section>
<name>CCC to GB Connections</name>
<table>
<header>
 <cell/>
 <cell> From </cell>
 <cell> From Location </cell>
 <cell>Pin Swapped for Back Annotation Only</cell>
 <cell> To </cell>
 <cell> Net Name </cell>
 <cell> Net Type </cell>
 <cell> Fanout </cell>
</header>
<row>
 <cell>1</cell>
 <cell>RTG4FCCC_0/CCC_INST/INST_CCC_IP:GL0</cell>
 <cell>CCC-SE0 (1524, 2)</cell>
 <cell>GL0 =&gt; GL3</cell>
 <cell>GBL[19] </cell>
 <cell>RTG4FCCC_0/GL0_net</cell>
 <cell>HARDWIRED</cell>
 <cell>1</cell>
</row>
<row>
 <cell>2</cell>
 <cell>RTG4FCCC_0/CCC_INST/INST_CCC_IP:GL1</cell>
 <cell>CCC-SE0 (1524, 2)</cell>
 <cell>GL1 =&gt; GL2</cell>
 <cell>GBL[18] </cell>
 <cell>RTG4FCCC_0/GL1_net</cell>
 <cell>HARDWIRED</cell>
 <cell>1</cell>
</row>
</table>
<text></text>
</section>
<section>
<name>CCC Input Connections</name>
<text>(none)</text>
</section>
<section>
<name>Local Clock Nets to RGB Connections</name>
<text>(none)</text>
</section>
<section>
<name>Local Reset Nets to RGRESET Connections</name>
<table>
<header>
 <cell/>
 <cell> From </cell>
 <cell> From Location </cell>
 <cell> Net Name </cell>
 <cell> Fanout </cell>
 <cell> </cell>
 <cell> RGRESET Location </cell>
 <cell> Local Fanout </cell>
</header>
<row>
 <cell>1</cell>
 <cell>AND2_1:Y</cell>
 <cell>(281, 282)</cell>
 <cell>AND2_1_Y</cell>
 <cell>2</cell>
 <cell> </cell>
 <cell>(362, 232)</cell>
 <cell>2</cell>
</row>
</table>
<text></text>
</section>
<section>
<name>Global Reset Nets to RGRESET Connections</name>
<table>
<header>
 <cell/>
 <cell> From </cell>
 <cell> From Location </cell>
 <cell> Net Name </cell>
 <cell> Fanout </cell>
 <cell> </cell>
 <cell> RGRESET Location </cell>
 <cell> Local Fanout </cell>
</header>
<row>
 <cell>1</cell>
 <cell>GRESET </cell>
 <cell>(708, 155)</cell>
 <cell>AND2_0</cell>
 <cell>40</cell>
 <cell>1</cell>
 <cell>(362, 145)</cell>
 <cell>1</cell>
</row>
<row>
 <cell> </cell>
 <cell></cell>
 <cell></cell>
 <cell></cell>
 <cell></cell>
 <cell>2</cell>
 <cell>(362, 220)</cell>
 <cell>9</cell>
</row>
<row>
 <cell> </cell>
 <cell></cell>
 <cell></cell>
 <cell></cell>
 <cell></cell>
 <cell>3</cell>
 <cell>(362, 223)</cell>
 <cell>14</cell>
</row>
<row>
 <cell> </cell>
 <cell></cell>
 <cell></cell>
 <cell></cell>
 <cell></cell>
 <cell>4</cell>
 <cell>(362, 226)</cell>
 <cell>13</cell>
</row>
<row>
 <cell> </cell>
 <cell></cell>
 <cell></cell>
 <cell></cell>
 <cell></cell>
 <cell>5</cell>
 <cell>(362, 229)</cell>
 <cell>3</cell>
</row>
<row>
 <cell>2</cell>
 <cell>GBR[11] </cell>
 <cell>(743, 153)</cell>
 <cell>COREJTAGDEBUG_0/UJTAG_0_RNIFG38</cell>
 <cell>16</cell>
 <cell>1</cell>
 <cell>(1166, 16)</cell>
 <cell>2</cell>
</row>
<row>
 <cell> </cell>
 <cell></cell>
 <cell></cell>
 <cell></cell>
 <cell></cell>
 <cell>2</cell>
 <cell>(1166, 22)</cell>
 <cell>7</cell>
</row>
<row>
 <cell> </cell>
 <cell></cell>
 <cell></cell>
 <cell></cell>
 <cell></cell>
 <cell>3</cell>
 <cell>(1166, 25)</cell>
 <cell>7</cell>
</row>
</table>
<text></text>
</section>
<section>
<name>Global Clock Nets to RGB Connections</name>
<table>
<header>
 <cell/>
 <cell> From </cell>
 <cell> From Location </cell>
 <cell> Net Name </cell>
 <cell> Fanout </cell>
 <cell> </cell>
 <cell> RGB Location </cell>
 <cell> Local Fanout </cell>
</header>
<row>
 <cell>1</cell>
 <cell>GBL[19] </cell>
 <cell>(727, 154)</cell>
 <cell>RTG4FCCC_0/GL0_INST/U0_Y</cell>
 <cell>5316</cell>
 <cell>1</cell>
 <cell>(365, 144)</cell>
 <cell>1</cell>
</row>
<row>
 <cell> </cell>
 <cell></cell>
 <cell></cell>
 <cell></cell>
 <cell></cell>
 <cell>2</cell>
 <cell>(365, 192)</cell>
 <cell>5</cell>
</row>
<row>
 <cell> </cell>
 <cell></cell>
 <cell></cell>
 <cell></cell>
 <cell></cell>
 <cell>3</cell>
 <cell>(365, 198)</cell>
 <cell>13</cell>
</row>
<row>
 <cell> </cell>
 <cell></cell>
 <cell></cell>
 <cell></cell>
 <cell></cell>
 <cell>4</cell>
 <cell>(365, 201)</cell>
 <cell>35</cell>
</row>
<row>
 <cell> </cell>
 <cell></cell>
 <cell></cell>
 <cell></cell>
 <cell></cell>
 <cell>5</cell>
 <cell>(365, 204)</cell>
 <cell>71</cell>
</row>
<row>
 <cell> </cell>
 <cell></cell>
 <cell></cell>
 <cell></cell>
 <cell></cell>
 <cell>6</cell>
 <cell>(365, 207)</cell>
 <cell>90</cell>
</row>
<row>
 <cell> </cell>
 <cell></cell>
 <cell></cell>
 <cell></cell>
 <cell></cell>
 <cell>7</cell>
 <cell>(365, 210)</cell>
 <cell>85</cell>
</row>
<row>
 <cell> </cell>
 <cell></cell>
 <cell></cell>
 <cell></cell>
 <cell></cell>
 <cell>8</cell>
 <cell>(365, 213)</cell>
 <cell>80</cell>
</row>
<row>
 <cell> </cell>
 <cell></cell>
 <cell></cell>
 <cell></cell>
 <cell></cell>
 <cell>9</cell>
 <cell>(365, 216)</cell>
 <cell>136</cell>
</row>
<row>
 <cell> </cell>
 <cell></cell>
 <cell></cell>
 <cell></cell>
 <cell></cell>
 <cell>10</cell>
 <cell>(365, 219)</cell>
 <cell>88</cell>
</row>
<row>
 <cell> </cell>
 <cell></cell>
 <cell></cell>
 <cell></cell>
 <cell></cell>
 <cell>11</cell>
 <cell>(365, 222)</cell>
 <cell>64</cell>
</row>
<row>
 <cell> </cell>
 <cell></cell>
 <cell></cell>
 <cell></cell>
 <cell></cell>
 <cell>12</cell>
 <cell>(365, 225)</cell>
 <cell>167</cell>
</row>
<row>
 <cell> </cell>
 <cell></cell>
 <cell></cell>
 <cell></cell>
 <cell></cell>
 <cell>13</cell>
 <cell>(365, 228)</cell>
 <cell>163</cell>
</row>
<row>
 <cell> </cell>
 <cell></cell>
 <cell></cell>
 <cell></cell>
 <cell></cell>
 <cell>14</cell>
 <cell>(365, 231)</cell>
 <cell>131</cell>
</row>
<row>
 <cell> </cell>
 <cell></cell>
 <cell></cell>
 <cell></cell>
 <cell></cell>
 <cell>15</cell>
 <cell>(365, 234)</cell>
 <cell>129</cell>
</row>
<row>
 <cell> </cell>
 <cell></cell>
 <cell></cell>
 <cell></cell>
 <cell></cell>
 <cell>16</cell>
 <cell>(365, 237)</cell>
 <cell>142</cell>
</row>
<row>
 <cell> </cell>
 <cell></cell>
 <cell></cell>
 <cell></cell>
 <cell></cell>
 <cell>17</cell>
 <cell>(365, 240)</cell>
 <cell>159</cell>
</row>
<row>
 <cell> </cell>
 <cell></cell>
 <cell></cell>
 <cell></cell>
 <cell></cell>
 <cell>18</cell>
 <cell>(365, 243)</cell>
 <cell>191</cell>
</row>
<row>
 <cell> </cell>
 <cell></cell>
 <cell></cell>
 <cell></cell>
 <cell></cell>
 <cell>19</cell>
 <cell>(365, 246)</cell>
 <cell>138</cell>
</row>
<row>
 <cell> </cell>
 <cell></cell>
 <cell></cell>
 <cell></cell>
 <cell></cell>
 <cell>20</cell>
 <cell>(365, 249)</cell>
 <cell>171</cell>
</row>
<row>
 <cell> </cell>
 <cell></cell>
 <cell></cell>
 <cell></cell>
 <cell></cell>
 <cell>21</cell>
 <cell>(365, 252)</cell>
 <cell>187</cell>
</row>
<row>
 <cell> </cell>
 <cell></cell>
 <cell></cell>
 <cell></cell>
 <cell></cell>
 <cell>22</cell>
 <cell>(365, 255)</cell>
 <cell>203</cell>
</row>
<row>
 <cell> </cell>
 <cell></cell>
 <cell></cell>
 <cell></cell>
 <cell></cell>
 <cell>23</cell>
 <cell>(365, 258)</cell>
 <cell>281</cell>
</row>
<row>
 <cell> </cell>
 <cell></cell>
 <cell></cell>
 <cell></cell>
 <cell></cell>
 <cell>24</cell>
 <cell>(365, 261)</cell>
 <cell>288</cell>
</row>
<row>
 <cell> </cell>
 <cell></cell>
 <cell></cell>
 <cell></cell>
 <cell></cell>
 <cell>25</cell>
 <cell>(365, 264)</cell>
 <cell>276</cell>
</row>
<row>
 <cell> </cell>
 <cell></cell>
 <cell></cell>
 <cell></cell>
 <cell></cell>
 <cell>26</cell>
 <cell>(365, 267)</cell>
 <cell>223</cell>
</row>
<row>
 <cell> </cell>
 <cell></cell>
 <cell></cell>
 <cell></cell>
 <cell></cell>
 <cell>27</cell>
 <cell>(365, 270)</cell>
 <cell>238</cell>
</row>
<row>
 <cell> </cell>
 <cell></cell>
 <cell></cell>
 <cell></cell>
 <cell></cell>
 <cell>28</cell>
 <cell>(365, 273)</cell>
 <cell>191</cell>
</row>
<row>
 <cell> </cell>
 <cell></cell>
 <cell></cell>
 <cell></cell>
 <cell></cell>
 <cell>29</cell>
 <cell>(365, 276)</cell>
 <cell>202</cell>
</row>
<row>
 <cell> </cell>
 <cell></cell>
 <cell></cell>
 <cell></cell>
 <cell></cell>
 <cell>30</cell>
 <cell>(365, 279)</cell>
 <cell>195</cell>
</row>
<row>
 <cell> </cell>
 <cell></cell>
 <cell></cell>
 <cell></cell>
 <cell></cell>
 <cell>31</cell>
 <cell>(365, 282)</cell>
 <cell>141</cell>
</row>
<row>
 <cell> </cell>
 <cell></cell>
 <cell></cell>
 <cell></cell>
 <cell></cell>
 <cell>32</cell>
 <cell>(365, 285)</cell>
 <cell>180</cell>
</row>
<row>
 <cell> </cell>
 <cell></cell>
 <cell></cell>
 <cell></cell>
 <cell></cell>
 <cell>33</cell>
 <cell>(365, 288)</cell>
 <cell>146</cell>
</row>
<row>
 <cell> </cell>
 <cell></cell>
 <cell></cell>
 <cell></cell>
 <cell></cell>
 <cell>34</cell>
 <cell>(365, 291)</cell>
 <cell>152</cell>
</row>
<row>
 <cell> </cell>
 <cell></cell>
 <cell></cell>
 <cell></cell>
 <cell></cell>
 <cell>35</cell>
 <cell>(365, 294)</cell>
 <cell>28</cell>
</row>
<row>
 <cell> </cell>
 <cell></cell>
 <cell></cell>
 <cell></cell>
 <cell></cell>
 <cell>36</cell>
 <cell>(365, 297)</cell>
 <cell>123</cell>
</row>
<row>
 <cell> </cell>
 <cell></cell>
 <cell></cell>
 <cell></cell>
 <cell></cell>
 <cell>37</cell>
 <cell>(365, 300)</cell>
 <cell>92</cell>
</row>
<row>
 <cell> </cell>
 <cell></cell>
 <cell></cell>
 <cell></cell>
 <cell></cell>
 <cell>38</cell>
 <cell>(365, 303)</cell>
 <cell>77</cell>
</row>
<row>
 <cell> </cell>
 <cell></cell>
 <cell></cell>
 <cell></cell>
 <cell></cell>
 <cell>39</cell>
 <cell>(365, 306)</cell>
 <cell>26</cell>
</row>
<row>
 <cell> </cell>
 <cell></cell>
 <cell></cell>
 <cell></cell>
 <cell></cell>
 <cell>40</cell>
 <cell>(365, 309)</cell>
 <cell>8</cell>
</row>
<row>
 <cell>2</cell>
 <cell>GBL[22] </cell>
 <cell>(730, 154)</cell>
 <cell>AND2_0_RNIKOS1/U0_Y</cell>
 <cell>610</cell>
 <cell>1</cell>
 <cell>(368, 201)</cell>
 <cell>8</cell>
</row>
<row>
 <cell> </cell>
 <cell></cell>
 <cell></cell>
 <cell></cell>
 <cell></cell>
 <cell>2</cell>
 <cell>(368, 204)</cell>
 <cell>6</cell>
</row>
<row>
 <cell> </cell>
 <cell></cell>
 <cell></cell>
 <cell></cell>
 <cell></cell>
 <cell>3</cell>
 <cell>(368, 207)</cell>
 <cell>19</cell>
</row>
<row>
 <cell> </cell>
 <cell></cell>
 <cell></cell>
 <cell></cell>
 <cell></cell>
 <cell>4</cell>
 <cell>(368, 210)</cell>
 <cell>33</cell>
</row>
<row>
 <cell> </cell>
 <cell></cell>
 <cell></cell>
 <cell></cell>
 <cell></cell>
 <cell>5</cell>
 <cell>(368, 213)</cell>
 <cell>40</cell>
</row>
<row>
 <cell> </cell>
 <cell></cell>
 <cell></cell>
 <cell></cell>
 <cell></cell>
 <cell>6</cell>
 <cell>(368, 216)</cell>
 <cell>25</cell>
</row>
<row>
 <cell> </cell>
 <cell></cell>
 <cell></cell>
 <cell></cell>
 <cell></cell>
 <cell>7</cell>
 <cell>(368, 219)</cell>
 <cell>14</cell>
</row>
<row>
 <cell> </cell>
 <cell></cell>
 <cell></cell>
 <cell></cell>
 <cell></cell>
 <cell>8</cell>
 <cell>(368, 225)</cell>
 <cell>34</cell>
</row>
<row>
 <cell> </cell>
 <cell></cell>
 <cell></cell>
 <cell></cell>
 <cell></cell>
 <cell>9</cell>
 <cell>(368, 228)</cell>
 <cell>31</cell>
</row>
<row>
 <cell> </cell>
 <cell></cell>
 <cell></cell>
 <cell></cell>
 <cell></cell>
 <cell>10</cell>
 <cell>(368, 231)</cell>
 <cell>52</cell>
</row>
<row>
 <cell> </cell>
 <cell></cell>
 <cell></cell>
 <cell></cell>
 <cell></cell>
 <cell>11</cell>
 <cell>(368, 234)</cell>
 <cell>35</cell>
</row>
<row>
 <cell> </cell>
 <cell></cell>
 <cell></cell>
 <cell></cell>
 <cell></cell>
 <cell>12</cell>
 <cell>(368, 237)</cell>
 <cell>53</cell>
</row>
<row>
 <cell> </cell>
 <cell></cell>
 <cell></cell>
 <cell></cell>
 <cell></cell>
 <cell>13</cell>
 <cell>(368, 240)</cell>
 <cell>56</cell>
</row>
<row>
 <cell> </cell>
 <cell></cell>
 <cell></cell>
 <cell></cell>
 <cell></cell>
 <cell>14</cell>
 <cell>(368, 243)</cell>
 <cell>29</cell>
</row>
<row>
 <cell> </cell>
 <cell></cell>
 <cell></cell>
 <cell></cell>
 <cell></cell>
 <cell>15</cell>
 <cell>(368, 246)</cell>
 <cell>13</cell>
</row>
<row>
 <cell> </cell>
 <cell></cell>
 <cell></cell>
 <cell></cell>
 <cell></cell>
 <cell>16</cell>
 <cell>(368, 249)</cell>
 <cell>5</cell>
</row>
<row>
 <cell> </cell>
 <cell></cell>
 <cell></cell>
 <cell></cell>
 <cell></cell>
 <cell>17</cell>
 <cell>(368, 252)</cell>
 <cell>15</cell>
</row>
<row>
 <cell> </cell>
 <cell></cell>
 <cell></cell>
 <cell></cell>
 <cell></cell>
 <cell>18</cell>
 <cell>(368, 255)</cell>
 <cell>3</cell>
</row>
<row>
 <cell> </cell>
 <cell></cell>
 <cell></cell>
 <cell></cell>
 <cell></cell>
 <cell>19</cell>
 <cell>(368, 258)</cell>
 <cell>6</cell>
</row>
<row>
 <cell> </cell>
 <cell></cell>
 <cell></cell>
 <cell></cell>
 <cell></cell>
 <cell>20</cell>
 <cell>(368, 261)</cell>
 <cell>18</cell>
</row>
<row>
 <cell> </cell>
 <cell></cell>
 <cell></cell>
 <cell></cell>
 <cell></cell>
 <cell>21</cell>
 <cell>(368, 264)</cell>
 <cell>28</cell>
</row>
<row>
 <cell> </cell>
 <cell></cell>
 <cell></cell>
 <cell></cell>
 <cell></cell>
 <cell>22</cell>
 <cell>(368, 267)</cell>
 <cell>11</cell>
</row>
<row>
 <cell> </cell>
 <cell></cell>
 <cell></cell>
 <cell></cell>
 <cell></cell>
 <cell>23</cell>
 <cell>(368, 270)</cell>
 <cell>20</cell>
</row>
<row>
 <cell> </cell>
 <cell></cell>
 <cell></cell>
 <cell></cell>
 <cell></cell>
 <cell>24</cell>
 <cell>(368, 273)</cell>
 <cell>4</cell>
</row>
<row>
 <cell> </cell>
 <cell></cell>
 <cell></cell>
 <cell></cell>
 <cell></cell>
 <cell>25</cell>
 <cell>(368, 276)</cell>
 <cell>9</cell>
</row>
<row>
 <cell> </cell>
 <cell></cell>
 <cell></cell>
 <cell></cell>
 <cell></cell>
 <cell>26</cell>
 <cell>(368, 279)</cell>
 <cell>5</cell>
</row>
<row>
 <cell> </cell>
 <cell></cell>
 <cell></cell>
 <cell></cell>
 <cell></cell>
 <cell>27</cell>
 <cell>(368, 282)</cell>
 <cell>28</cell>
</row>
<row>
 <cell> </cell>
 <cell></cell>
 <cell></cell>
 <cell></cell>
 <cell></cell>
 <cell>28</cell>
 <cell>(368, 285)</cell>
 <cell>3</cell>
</row>
<row>
 <cell> </cell>
 <cell></cell>
 <cell></cell>
 <cell></cell>
 <cell></cell>
 <cell>29</cell>
 <cell>(368, 288)</cell>
 <cell>7</cell>
</row>
<row>
 <cell>3</cell>
 <cell>GBL[23] </cell>
 <cell>(731, 154)</cell>
 <cell>COREJTAGDEBUG_0/tck_clkint/U0_Y</cell>
 <cell>296</cell>
 <cell>1</cell>
 <cell>(369, 189)</cell>
 <cell>20</cell>
</row>
<row>
 <cell> </cell>
 <cell></cell>
 <cell></cell>
 <cell></cell>
 <cell></cell>
 <cell>2</cell>
 <cell>(369, 192)</cell>
 <cell>37</cell>
</row>
<row>
 <cell> </cell>
 <cell></cell>
 <cell></cell>
 <cell></cell>
 <cell></cell>
 <cell>3</cell>
 <cell>(369, 195)</cell>
 <cell>64</cell>
</row>
<row>
 <cell> </cell>
 <cell></cell>
 <cell></cell>
 <cell></cell>
 <cell></cell>
 <cell>4</cell>
 <cell>(369, 198)</cell>
 <cell>63</cell>
</row>
<row>
 <cell> </cell>
 <cell></cell>
 <cell></cell>
 <cell></cell>
 <cell></cell>
 <cell>5</cell>
 <cell>(369, 201)</cell>
 <cell>71</cell>
</row>
<row>
 <cell> </cell>
 <cell></cell>
 <cell></cell>
 <cell></cell>
 <cell></cell>
 <cell>6</cell>
 <cell>(369, 204)</cell>
 <cell>23</cell>
</row>
<row>
 <cell> </cell>
 <cell></cell>
 <cell></cell>
 <cell></cell>
 <cell></cell>
 <cell>7</cell>
 <cell>(369, 207)</cell>
 <cell>9</cell>
</row>
<row>
 <cell> </cell>
 <cell></cell>
 <cell></cell>
 <cell></cell>
 <cell></cell>
 <cell>8</cell>
 <cell>(369, 213)</cell>
 <cell>9</cell>
</row>
<row>
 <cell>4</cell>
 <cell>GBL[18] </cell>
 <cell>(726, 154)</cell>
 <cell>RTG4FCCC_0/GL1_INST/U0_Y</cell>
 <cell>128</cell>
 <cell>1</cell>
 <cell>(364, 252)</cell>
 <cell>1</cell>
</row>
<row>
 <cell> </cell>
 <cell></cell>
 <cell></cell>
 <cell></cell>
 <cell></cell>
 <cell>2</cell>
 <cell>(364, 255)</cell>
 <cell>3</cell>
</row>
<row>
 <cell> </cell>
 <cell></cell>
 <cell></cell>
 <cell></cell>
 <cell></cell>
 <cell>3</cell>
 <cell>(364, 258)</cell>
 <cell>3</cell>
</row>
<row>
 <cell> </cell>
 <cell></cell>
 <cell></cell>
 <cell></cell>
 <cell></cell>
 <cell>4</cell>
 <cell>(364, 267)</cell>
 <cell>4</cell>
</row>
<row>
 <cell> </cell>
 <cell></cell>
 <cell></cell>
 <cell></cell>
 <cell></cell>
 <cell>5</cell>
 <cell>(364, 270)</cell>
 <cell>10</cell>
</row>
<row>
 <cell> </cell>
 <cell></cell>
 <cell></cell>
 <cell></cell>
 <cell></cell>
 <cell>6</cell>
 <cell>(364, 273)</cell>
 <cell>22</cell>
</row>
<row>
 <cell> </cell>
 <cell></cell>
 <cell></cell>
 <cell></cell>
 <cell></cell>
 <cell>7</cell>
 <cell>(364, 276)</cell>
 <cell>11</cell>
</row>
<row>
 <cell> </cell>
 <cell></cell>
 <cell></cell>
 <cell></cell>
 <cell></cell>
 <cell>8</cell>
 <cell>(364, 279)</cell>
 <cell>10</cell>
</row>
<row>
 <cell> </cell>
 <cell></cell>
 <cell></cell>
 <cell></cell>
 <cell></cell>
 <cell>9</cell>
 <cell>(364, 282)</cell>
 <cell>27</cell>
</row>
<row>
 <cell> </cell>
 <cell></cell>
 <cell></cell>
 <cell></cell>
 <cell></cell>
 <cell>10</cell>
 <cell>(364, 285)</cell>
 <cell>23</cell>
</row>
<row>
 <cell> </cell>
 <cell></cell>
 <cell></cell>
 <cell></cell>
 <cell></cell>
 <cell>11</cell>
 <cell>(364, 288)</cell>
 <cell>12</cell>
</row>
<row>
 <cell> </cell>
 <cell></cell>
 <cell></cell>
 <cell></cell>
 <cell></cell>
 <cell>12</cell>
 <cell>(364, 291)</cell>
 <cell>2</cell>
</row>
<row>
 <cell>5</cell>
 <cell>GBR[21] </cell>
 <cell>(741, 154)</cell>
 <cell>COREJTAGDEBUG_0/genblk1_udrck_clkint/U0_Y</cell>
 <cell>16</cell>
 <cell>1</cell>
 <cell>(1171, 15)</cell>
 <cell>2</cell>
</row>
<row>
 <cell> </cell>
 <cell></cell>
 <cell></cell>
 <cell></cell>
 <cell></cell>
 <cell>2</cell>
 <cell>(1171, 21)</cell>
 <cell>7</cell>
</row>
<row>
 <cell> </cell>
 <cell></cell>
 <cell></cell>
 <cell></cell>
 <cell></cell>
 <cell>3</cell>
 <cell>(1171, 24)</cell>
 <cell>7</cell>
</row>
</table>
<text></text>
</section>
<section>
<name>Warnings</name>
<text>The following clocks or resets are driven by fabric-generated or local nets and are not radiation protected:</text>
<table>
<header>
 <cell/>
 <cell> From </cell>
 <cell> From Location </cell>
 <cell> I/O Bank </cell>
 <cell> To </cell>
 <cell> Net Name </cell>
 <cell> Fanout </cell>
</header>
<row>
 <cell>1</cell>
 <cell>COREJTAGDEBUG_0/genblk1.UJ_JTAG_0/un1_duttck_inferred_clock_RNI1HH4:Y</cell>
 <cell>(1430, 24)</cell>
 <cell>-</cell>
 <cell>GBL[23] </cell>
 <cell>COREJTAGDEBUG_0/un1_duttck_i_0</cell>
 <cell>1</cell>
</row>
<row>
 <cell>2</cell>
 <cell>COREJTAGDEBUG_0/genblk1.UJTAG_0/INST_UJTAG_IP:UDRCK</cell>
 <cell>(1489, 2)</cell>
 <cell>-</cell>
 <cell>GBR[21] </cell>
 <cell>COREJTAGDEBUG_0/iUDRCK</cell>
 <cell>2</cell>
</row>
<row>
 <cell>3</cell>
 <cell>COREJTAGDEBUG_0/genblk1.UJTAG_0/INST_UJTAG_IP:URSTB</cell>
 <cell>(1489, 2)</cell>
 <cell>-</cell>
 <cell>GBR[11] </cell>
 <cell>COREJTAGDEBUG_0/UJTAG_0_URSTB</cell>
 <cell>2</cell>
</row>
</table>
<text>Microsemi recommends the use of dedicated global clocks with built-in radiation protection.
</text>
<section>
<name> </name>
<text>The following local resets are not driven by three separate logic cones and are not radiation protected:</text>
<table>
<header>
 <cell/>
 <cell> From </cell>
 <cell> From Location </cell>
 <cell> To </cell>
 <cell> Net Name </cell>
 <cell> Fanout </cell>
</header>
<row>
 <cell>1</cell>
 <cell>AND2_1:Y</cell>
 <cell>(281, 282)</cell>
 <cell>RGRESET</cell>
 <cell>AND2_1_Y</cell>
 <cell>2</cell>
</row>
</table>
<text>For radiation protection, Microsemi recommends that each of the three inputs of every RGRESET be driven by three separate logic cones replicating the paths from the source registers.
</text>
</section>
</section>
</doc>
